Position,Wild,Mutant
chr1_C_A,0,2
chr1_A_G,0,1
chr1_GAGA_G,1,2
chr1_A_G,1,2
chr1_GGAAGGAAGGAAGGAAGGAAGGAAGGAAGGAAGGAAAGAAA_G,2,3
chr1_A_C,1,3
chr1_T_C,11,4
chr1_C_CTA,14,2
chr1_C_A,14,2
chr1_C_T,0,2
chr1_C_A,0,3
chr1_C_A,0,2
chr1_G_A,0,2
chr1_G_A,37,3
chr1_G_T,19,15
chr1_C_T,241,12
chr1_C_T,0,2
chr1_G_T,61,10
chr1_A_G,189,9
chr1_C_G,3,2
chr1_T_C,2,2
chr1_C_CCA,3,2
chr1_A_AAAAC,2,1
chr1_G_A,0,1
chr1_G_A,84,3
chr1_T_G,7,2
chr1_C_T,344,35
chr1_T_A,204,12
chr1_G_A,75,5
chr1_ACAC_A,25,2
chr1_C_G,24,2
chr1_G_T,151,8
chr1_G_C,74,5
chr1_G_C,143,6
chr1_C_T,84,7
chr1_G_A,97,13
chr1_G_A,244,16
chr1_T_C,164,9
chr1_T_C,583,36
chr1_T_C,82,5
chr1_A_C,83,5
chr1_C_T,85,5
chr1_G_T,91,5
chr1_C_T,99,7
chr1_G_A,59,9
chr1_T_C,169,17
chr1_T_C,588,25
chr1_C_T,633,25
chr1_G_C,681,22
chr1_G_A,9,4
chr1_C_T,6,2
chr1_G_A,3,4
chr1_T_C,58,7
chr1_T_A,1,3
chr1_T_TAGGCAG,0,2
chr1_T_TTC,0,2
chr1_C_T,10,2
chr1_A_G,2,2
chr1_C_T,2,2
chr1_C_T,2,2
chr1_TACATAC_T,1,2
chr1_G_A,31,2
chr1_A_G,31,2
chr1_T_G,233,134
chr1_T_C,0,1
chr1_C_T,19,2
chr1_T_A,31,3
chr1_C_T,8,3
chr1_A_AT,109,12
chr1_G_C,517,19
chr1_C_T,309,17
chr1_C_A,28,3
chr1_C_T,66,3
chr1_T_C,22,2
chr1_C_A,15,2
chr1_C_A,14,2
chr1_A_G,18,2
chr1_G_A,1,2
chr1_CGCA_C,47,2
chr1_TTA_T,71,6
chr1_TCTTTCTTTCTTTC_T,2,2
chr1_T_TA,1,2
chr1_GAGA_G,18,2
chr1_GCA_G,109,16
chr1_G_T,17,2
chr1_G_T,1,2
chr1_T_TCAGA,7,2
chr1_T_TTTTAAAATGA,7,2
chr1_T_A,42,6
chr1_A_G,437,106
chr1_T_G,2,2
chr1_G_A,71,22
chr1_A_C,82,45
chr1_A_C,120,56
chr1_G_A,0,2
chr1_A_G,425,102
chr1_G_T,0,2
chr1_G_T,1,2
chr1_T_TTAAAATAACTGATAAATAAATACAAA,241,8
chr1_A_G,16,18
chr1_C_T,0,3
chr1_T_TCATTGTTATCTG,23,3
chr1_G_T,570,190
chr1_A_T,10,16
chr1_A_G,0,2
chr1_A_T,6,2
chr1_C_A,6,2
chr1_G_A,46,2
chr1_TG_T,19,2
chr1_C_T,0,4
chr1_TTA_T,34,4
chr1_G_A,1,2
chr1_G_T,0,2
chr1_T_G,387,129
chr1_G_GT,0,2
chr1_G_T,0,3
chr1_C_A,154,9
chr1_GTA_G,131,7
chr1_T_TA,40,2
chr1_G_A,0,3
chr1_GAA_G,744,45
chr1_C_T,1,2
chr1_G_A,31,2
chr1_A_T,0,3
chr1_G_C,2,2
chr1_T_TCTC,28,2
chr1_A_T,31,2
chr1_C_T,0,3
chr1_C_T,5,2
chr1_G_A,3,4
chr1_A_G,0,3
chr1_A_AACACAC,5,5
chr1_G_C,8,8
chr1_T_C,0,2
chr1_A_AT,15,17
chr1_T_C,0,3
chr1_A_G,27,2
chr1_T_G,1,4
chr1_G_A,0,2
chr1_C_CATCAAAAGA,44,2
chr1_G_T,11,2
chr1_G_T,0,1
chr1_G_GTATT,5,5
chr1_G_GTATTTATT,41,4
chr1_T_A,90,5
chr1_C_CCT,88,4
chr1_AG_A,43,7
chr1_AAGAAAGAAAGAGAGAAAGAGAG_A,86,7
chr1_G_GT,29,2
chr1_G_GA,30,2
chr1_G_GTATTTAGT,36,3
chr1_T_A,35,2
chr1_T_G,172,50
chr1_C_T,7,6
chr1_A_G,12,2
chr1_TACTG_T,48,3
chr1_G_C,6,2
chr1_T_TC,2,2
chr1_T_C,2,1
chr1_G_T,0,2
chr1_TTC_T,2,2
chr1_T_TTCCAG,37,3
chr1_C_G,37,3
chr1_T_TATTCAGC,37,3
chr1_T_TA,0,4
chr1_G_A,3,2
chr1_C_A,70,4
chr1_G_A,1,3
chr1_G_T,40,2
chr1_A_ATCTC,8,2
chr1_CCA_C,58,11
chr1_T_A,225,13
chr1_A_AATAT,228,9
chr1_T_A,2,2
chr1_C_T,3,2
chr1_C_T,4,2
chr1_C_A,6,2
chr1_CA_C,17,11
chr1_A_G,553,10
chr1_A_G,8,13
chr1_T_A,9,2
chr1_T_G,1,2
chr1_C_A,33,2
chr1_A_ATTTTTTTTTTTTT,50,10
chr1_G_GC,614,59
chr1_AAT_A,122,14
chr1_C_G,32,2
chr1_C_A,42,4
chr1_T_G,385,49
chr1_C_T,8,12
chr1_G_GTA,44,19
chr1_G_GCTCATTCATCAT,59,3
chr1_A_T,58,3
chr1_TGG_T,53,3
chr1_C_T,47,3
chr1_C_CAT,47,3
chr1_C_A,46,3
chr1_AATAT_A,11,3
chr1_T_TC,1009,75
chr1_C_T,1,3
chr1_C_T,0,2
chr1_C_T,14,2
chr1_A_C,364,94
chr1_G_T,66,10
chr1_G_T,58,10
chr1_T_TG,358,28
chr1_T_TATC,63,6
chr1_A_C,254,79
chr1_A_AAAATAAATAAATAAAT,81,17
chr1_GTATATATA_G,154,44
chr1_T_TG,133,11
chr1_G_GAT,31,2
chr1_T_TCG,31,2
chr1_A_ACATAGT,2,2
chr1_A_T,2,1
chr1_C_G,29,37
chr1_G_T,513,63
chr1_T_C,20,22
chr1_C_CTT,67,2
chr1_TAGGGGTGGCCTA_T,79,3
chr1_ACTTCAGAAT_A,82,3
chr1_TTCCC_T,76,5
chr1_GCAAACCTGGCACGTATGCAGACAAGCAGGGC_G,98,6
chr1_C_T,89,5
chr1_T_C,89,4
chr1_CTG_C,93,4
chr1_A_C,93,4
chr1_T_A,101,4
chr1_G_GC,98,11
chr1_AAC_A,22,2
chr1_T_G,92,4
chr1_A_ATAATAT,105,90
chr1_CTTTT_C,767,33
chr1_GAGGAAGGAAGGA_G,1,4
chr1_G_GAA,45,1
chr1_T_C,53,3
chr1_G_T,61,3
chr1_A_G,12,3
chr1_T_A,276,12
chr1_C_T,17,14
chr1_TAA_T,213,26
chr1_C_T,1,3
chr1_CAAA_C,431,44
chr1_C_CTT,83,6
chr1_C_CCT,24,9
chr1_G_T,2,4
chr1_C_CAT,0,3
chr1_C_T,34,2
chr1_T_C,31,2
chr1_C_CTTGGATGGGT,29,2
chr1_C_T,3,4
chr1_G_T,3,2
chr1_C_T,2,2
chr1_CTA_C,24,2
chr1_C_T,232,21
chr1_T_G,113,5
chr1_TTTG_T,1,2
chr1_C_G,75,8
chr1_T_G,25,2
chr1_G_A,27,21
chr1_A_G,25,5
chr1_A_T,1,2
chr1_G_A,5,2
chr1_T_A,5,2
chr1_T_A,3,4
chr1_G_T,3,3
chr1_T_C,0,3
chr1_A_T,7,4
chr1_A_T,1,2
chr1_T_A,8,4
chr1_A_T,8,3
chr1_C_G,30,2
chr1_C_T,28,2
chr1_T_A,50,5
chr1_G_C,88,3
chr1_C_T,81,6
chr1_C_T,177,8
chr1_A_G,93,3
chr1_T_G,101,4
chr1_A_C,11,2
chr1_A_G,8,2
chr1_T_G,12,2
chr1_C_A,20,2
chr1_C_A,20,2
chr1_C_A,8,2
chr1_T_A,15,2
chr1_T_G,8,2
chr1_A_T,19,3
chr1_G_A,13,3
chr1_G_T,4,2
chr1_A_G,3,2
chr1_G_C,13,5
chr1_G_A,2,3
chr1_G_C,14,6
chr1_CAG_C,136,7
chr1_C_CTT,156,13
chr1_A_G,160,12
chr1_C_T,244,28
chr1_G_C,199,9
chr1_C_T,5,4
chr1_G_C,35,6
chr1_T_A,36,6
chr1_C_T,142,12
chr1_C_G,142,18
chr1_AGT_A,24,3
chr1_A_ATGT,39,3
chr1_C_A,40,2
chr1_C_G,1882,122
chr1_G_A,243,18
chr1_CTCTCTGTCTCTG_C,142,12
chr1_G_A,193,29
chr1_A_C,169,8
chr1_T_TAAA,91,41
chr1_A_AGT,202,9
chr1_A_C,213,9
chr1_T_A,308,83
chr1_T_C,19,11
chr1_G_A,30,2
chr1_G_T,0,3
chr1_T_A,12,11
chr1_C_T,873,79
chr1_T_C,689,66
chr1_G_C,156,17
chr1_G_C,30,3
chr1_G_T,259,10
chr1_C_T,271,16
chr1_G_A,687,18
chr1_G_C,280,16
chr1_T_C,290,28
chr1_C_T,75,5
chr1_C_G,1,3
chr1_A_C,49,5
chr1_GGAA_G,8,2
chr1_GGA_G,353,21
chr1_TTTA_T,40,3
chr1_AGGT_A,75,3
chr1_AG_A,67,3
chr1_G_A,66,3
chr1_C_A,47,2
chr1_G_A,3,4
chr1_A_AGAACGTTAG,30,2
chr1_T_G,487,163
chr1_ATT_A,17,14
chr1_GTGA_G,20,2
chr1_A_G,1,4
chr1_A_G,2,2
chr1_AGTGTGTGTGTGTGT_A,0,3
chr1_T_C,0,2
chr1_T_C,0,2
chr1_A_G,0,2
chr1_G_GTA,11,8
chr1_A_G,0,2
chr1_A_G,3,2
chr1_G_A,0,2
chr1_A_AAGAAGG,2,4
chr1_A_G,144,58
chr1_T_A,189,7
chr1_A_G,1,3
chr1_G_A,5,2
chr1_A_C,56,17
chr1_T_C,8,4
chr1_C_T,0,2
chr1_C_T,44,2
chr1_C_T,3,2
chr1_A_G,3,2
chr1_G_A,3,2
chr1_T_G,2,3
chr1_A_G,3,3
chr1_T_C,2,2
chr1_G_A,0,2
chr1_T_C,0,2
chr1_C_A,250,35
chr1_T_G,15,8
chr1_A_T,26,8
chr1_T_TATA,86,4
chr1_C_G,88,3
chr1_C_T,10,6
chr1_C_T,0,2
chr1_G_A,11,11
chr1_C_A,5,11
chr1_GCT_G,68,5
chr1_CA_C,9,2
chr1_A_G,0,2
chr1_T_TTA,13,2
chr1_C_T,6,6
chr1_G_C,10,9
chr1_CA_C,0,7
chr1_G_C,77,60
chr1_G_C,135,9
chr1_A_T,9,3
chr1_A_G,5,2
chr1_T_C,6,2
chr1_C_A,30,2
chr1_T_A,138,48
chr1_TTTCC_T,4,6
chr1_G_GCA,73,3
chr1_T_TGTATGAAACCCCTGAGA,73,2
chr1_TTTCCTTCCTTCC_T,5,5
chr1_AATAG_A,2,4
chr1_T_TTC,0,5
chr1_C_T,1,5
chr1_A_C,167,51
chr1_A_G,1,2
chr1_C_T,6,8
chr1_A_G,34,2
chr1_C_T,23,6
chr1_AG_A,0,3
chr1_AGAT_A,0,3
chr1_A_G,0,3
chr1_A_G,2,3
chr1_T_A,91,8
chr1_T_G,352,75
chr1_GAAGAAAGA_G,6,4
chr1_T_G,32,21
chr1_A_G,0,2
chr1_G_A,0,2
chr1_G_C,2,4
chr1_CGT_C,385,17
chr1_A_ATTAGCT,47,2
chr1_A_T,8,2
chr1_T_TAAAAATATAC,72,3
chr1_G_GTAATAGATTCACAGTAATTGAATGTACAGATCTCAGCAAT,34,2
chr1_T_C,45,2
chr1_C_CAGAGTG,30,3
chr1_C_T,30,2
chr1_TGA_T,182,17
chr1_T_C,25,2
chr1_C_CTT,151,179
chr1_AAC_A,63,6
chr1_GT_G,378,23
chr1_C_T,396,21
chr1_A_G,158,19
chr1_C_T,139,9
chr1_C_G,138,7
chr1_G_T,1,2
chr1_ATG_A,273,12
chr1_G_A,1,6
chr1_AAT_A,137,9
chr1_G_GAAATGCGA,2,2
chr1_CTT_C,103,117
chr1_GGGTATAGATAAGA_G,9,10
chr1_GA_G,1,2
chr1_T_TCTTCCTTCCTTCCTTC,9,2
chr1_A_T,22,3
chr1_T_G,1,5
chr1_G_A,18,27
chr1_GAC_G,236,18
chr1_TGG_T,39,2
chr1_C_T,1,2
chr1_A_G,43,2
chr1_GAAAA_G,162,7
chr1_G_A,3,3
chr1_G_A,0,3
chr1_TTCC_T,16,2
chr1_ATGATGGTCAAAGGAAAT_A,18,2
chr1_T_C,148,11
chr1_T_G,2,2
chr1_CT_C,0,3
chr1_T_C,0,2
chr1_ACT_A,313,33
chr1_C_T,0,2
chr1_AAAAG_A,9,8
chr1_G_A,5,7
chr1_T_C,2,3
chr1_TATA_T,20,4
chr1_A_C,362,68
chr1_T_G,475,135
chr1_C_A,652,49
chr1_T_G,347,86
chr1_GGA_G,14,3
chr1_CAG_C,12,3
chr1_A_C,337,33
chr1_A_T,0,2
chr1_A_G,1,2
chr1_C_T,42,2
chr1_GA_G,2,2
chr1_C_T,33,2
chr1_T_C,1,4
chr1_A_G,3,2
chr1_C_A,0,2
chr1_G_GC,268,26
chr1_T_A,32,2
chr1_A_AC,236,39
chr1_T_C,19,2
chr1_G_T,3,9
chr1_G_T,0,2
chr1_GTTTGTTTC_G,0,2
chr1_TTG_T,70,5
chr1_A_G,1,4
chr1_T_A,0,1
chr1_A_G,249,12
chr1_A_G,40,2
chr1_A_G,37,2
chr1_C_T,0,2
chr1_G_A,29,30
chr1_GTA_G,0,2
chr1_C_A,0,2
chr1_T_C,24,2
chr1_A_C,122,3
chr1_G_A,0,1
chr1_CTG_C,118,6
chr1_G_A,44,2
chr1_C_A,930,57
chr1_G_A,111,7
chr1_G_A,114,9
chr1_G_A,86,5
chr1_CG_C,46,3
chr2_A_C,1,2
chr2_G_A,0,2
chr2_T_C,0,2
chr2_C_A,2,1
chr2_A_C,240,40
chr2_G_A,201,56
chr2_C_A,219,35
chr2_C_T,9,2
chr2_A_AT,58,54
chr2_C_T,0,4
chr2_C_T,4,2
chr2_C_T,96,5
chr2_CACTCT_C,78,6
chr2_CGT_C,86,10
chr2_T_A,29,2
chr2_GTATA_G,136,10
chr2_T_C,141,104
chr2_GTATA_G,130,4
chr2_A_G,1,2
chr2_G_C,2,2
chr2_GCA_G,21,2
chr2_G_A,9,2
chr2_T_C,11,2
chr2_A_AG,12,2
chr2_G_A,12,2
chr2_T_TTTTA,2,3
chr2_C_T,10,5
chr2_A_G,39,2
chr2_A_C,1,2
chr2_G_A,3,4
chr2_CAGTA_C,35,2
chr2_GTC_G,75,7
chr2_CTA_C,89,5
chr2_G_GT,11,9
chr2_C_G,60,57
chr2_G_C,1,2
chr2_AATGTATTG_A,18,2
chr2_G_A,16,2
chr2_A_AC,307,31
chr2_AAAAGAAAGAAAGAAAGAAAG_A,0,3
chr2_C_T,14,4
chr2_ATTTTT_A,9,15
chr2_A_AC,77,9
chr2_ATG_A,408,19
chr2_T_TAAA,13,6
chr2_T_A,13,6
chr2_T_A,12,6
chr2_GGA_G,104,6
chr2_TAATAAGACA_T,47,3
chr2_TG_T,39,3
chr2_T_A,39,2
chr2_A_T,39,2
chr2_A_T,39,2
chr2_TACTC_T,3,2
chr2_T_C,4,5
chr2_C_A,0,2
chr2_C_T,2,4
chr2_G_GCAATTTGTTTA,22,2
chr2_A_AAGCC,39,3
chr2_C_A,39,2
chr2_A_C,448,84
chr2_A_C,7,15
chr2_C_T,1,4
chr2_CAAAAAA_C,3,11
chr2_T_G,28,23
chr2_C_T,28,22
chr2_C_G,4,6
chr2_G_C,10,10
chr2_C_T,3,5
chr2_G_C,48,3
chr2_A_T,25,17
chr2_T_G,131,120
chr2_ACTT_A,0,2
chr2_GAT_G,65,8
chr2_TTA_T,221,11
chr2_A_C,924,273
chr2_GTA_G,76,5
chr2_C_T,47,2
chr2_G_A,4,6
chr2_GA_G,2,5
chr2_CTA_C,283,12
chr2_C_T,12,23
chr2_G_A,17,2
chr2_A_C,0,1
chr2_G_T,0,2
chr2_G_C,0,3
chr2_GTC_G,102,14
chr2_GAA_G,98,15
chr2_C_A,345,98
chr2_C_T,2,4
chr2_T_C,0,2
chr2_AGAGAGAGAGAGAGAGAGAGAGAGAG_A,0,5
chr2_A_G,0,3
chr2_G_C,3,2
chr2_A_T,1,3
chr2_G_A,0,2
chr2_TAAAAAAA_T,58,32
chr2_C_T,0,2
chr2_A_T,197,7
chr2_T_G,60,10
chr2_C_A,69,10
chr2_T_G,158,9
chr2_G_GTA,5,2
chr2_G_C,397,14
chr2_C_T,456,35
chr2_G_T,101,6
chr2_G_A,1,3
chr2_A_AG,50,8
chr2_T_C,1,3
chr2_C_T,1,3
chr2_C_G,0,2
chr2_T_C,0,2
chr2_A_G,8,4
chr2_C_T,31,2
chr2_A_G,30,2
chr2_T_C,26,7
chr2_G_T,29,8
chr2_G_A,30,8
chr2_CT_C,1,3
chr2_G_A,1,3
chr2_T_A,3,2
chr2_ATGTGTGTG_A,531,23
chr2_G_A,577,23
chr2_A_T,6,2
chr2_T_A,1,2
chr2_G_C,0,2
chr2_T_A,0,2
chr2_T_C,5,2
chr2_T_A,6,2
chr2_A_C,6,2
chr2_A_G,4,2
chr2_T_C,2,3
chr2_T_C,1,3
chr2_T_C,1,3
chr2_A_G,13,3
chr2_C_T,1,3
chr2_A_G,90,9
chr2_G_A,43,9
chr2_A_G,75,5
chr2_T_C,82,6
chr2_G_T,155,10
chr2_C_T,527,39
chr2_C_T,564,50
chr2_G_C,300,24
chr2_C_T,195,7
chr2_G_A,155,5
chr2_T_G,38,6
chr2_G_T,16,6
chr2_A_G,13,3
chr2_T_A,39,2
chr2_G_A,22,2
chr2_C_T,357,24
chr2_C_T,12,2
chr2_G_T,1,2
chr2_C_A,250,17
chr2_G_T,249,12
chr2_TAGAAA_T,150,14
chr2_C_A,16,3
chr2_T_TA,359,47
chr2_C_T,53,4
chr2_A_G,53,3
chr2_A_G,68,4
chr2_T_A,143,7
chr2_A_C,2,2
chr2_A_G,119,8
chr2_T_A,66,8
chr2_C_T,49,5
chr2_C_CG,11,4
chr2_G_T,8,3
chr2_C_T,2,2
chr2_G_T,116,6
chr2_A_G,117,6
chr2_T_G,118,10
chr2_T_A,63,15
chr2_T_A,44,2
chr2_A_G,2,3
chr2_C_T,42,3
chr2_A_C,42,3
chr2_A_C,44,3
chr2_C_G,45,3
chr2_G_A,46,3
chr2_A_G,0,3
chr2_T_TAC,12,2
chr2_T_A,14,2
chr2_A_G,43,2
chr2_T_C,0,2
chr2_C_A,238,29
chr2_A_T,40,2
chr2_G_T,38,2
chr2_G_C,37,2
chr2_A_G,3,8
chr2_A_G,0,3
chr2_AGTGTCCC_A,35,2
chr2_C_T,31,2
chr2_A_G,1,2
chr2_A_G,10,10
chr2_A_G,30,6
chr2_C_T,781,28
chr2_G_A,66,4
chr2_A_G,105,7
chr2_C_T,108,11
chr2_A_G,104,11
chr2_T_A,437,393
chr2_AAT_A,476,16
chr2_G_A,3,3
chr2_C_G,381,13
chr2_G_A,386,18
chr2_T_TC,746,81
chr2_TTTC_T,17,3
chr2_G_A,40,7
chr2_C_A,513,16
chr2_G_T,0,2
chr2_GCA_G,46,3
chr2_T_G,51,19
chr2_G_A,3,8
chr2_A_T,1,2
chr2_G_A,122,26
chr2_C_T,0,2
chr2_TG_T,0,2
chr2_TAA_T,0,2
chr2_C_A,0,2
chr2_A_C,2,3
chr2_A_AAGG,2,2
chr2_T_C,1,2
chr2_G_T,39,2
chr2_TGGACTATGC_T,33,2
chr2_T_C,37,2
chr2_A_T,3,2
chr2_A_G,0,2
chr2_G_A,0,3
chr2_A_C,29,4
chr2_T_TC,17,2
chr2_G_A,17,2
chr2_CCTTTCTTCTTTT_C,4,2
chr2_G_A,49,1
chr2_G_A,104,9
chr2_C_T,311,13
chr2_A_G,128,10
chr2_A_G,31,5
chr2_T_C,18,9
chr2_C_G,32,2
chr2_G_GGGAAAAATTTGAAAATTATGACAC,40,2
chr2_C_T,2,2
chr2_A_G,22,7
chr2_T_G,22,7
chr2_T_C,27,4
chr2_G_A,28,4
chr2_C_A,4,2
chr2_CCT_C,42,3
chr2_A_C,3,3
chr2_T_G,4,2
chr2_T_G,2,2
chr2_A_G,2,2
chr2_A_G,0,3
chr2_TTTATCTAA_T,23,14
chr2_A_ACAGTCGGAG,16,2
chr2_T_A,15,2
chr2_A_G,15,2
chr2_A_ACTCTG,20,2
chr2_G_A,237,36
chr2_C_CCTTTTCTTTT,2,3
chr2_A_C,87,4
chr2_C_T,87,4
chr2_A_AT,86,3
chr2_GC_G,82,6
chr2_A_C,88,6
chr2_G_C,0,2
chr2_T_G,406,115
chr2_G_T,0,2
chr2_C_A,170,4
chr2_G_A,35,2
chr2_T_TAA,45,2
chr2_GGC_G,46,2
chr2_A_C,572,190
chr2_C_CACATAGATTCTCA,17,5
chr2_A_AT,31,2
chr2_G_GA,31,2
chr2_T_A,28,2
chr2_AT_A,14,4
chr2_T_G,318,117
chr2_C_CTTGGAAGGACT,13,2
chr2_A_T,45,2
chr2_A_C,769,134
chr2_T_C,4,8
chr2_GTCTC_G,12,12
chr2_T_TTAGAAAGCCAAAAGTTA,46,1
chr2_C_A,0,2
chr2_G_A,261,63
chr2_T_TATAGATAGATAG,16,21
chr2_A_C,761,310
chr2_C_G,0,3
chr2_G_A,0,2
chr2_TAAA_T,33,21
chr2_C_T,10,6
chr2_G_T,13,2
chr2_A_C,45,21
chr2_C_T,1,2
chr2_AAGCCCTGATCATACAACTGCACTCC_A,12,10
chr2_A_G,36,2
chr2_T_G,38,2
chr2_G_A,38,2
chr2_G_GA,37,2
chr2_A_G,271,31
chr2_G_T,135,8
chr2_A_C,26,23
chr2_A_C,213,59
chr2_C_T,95,3
chr2_T_A,8,2
chr2_T_C,4,7
chr2_C_T,4,5
chr2_CAGAGAG_C,4,5
chr2_C_G,0,2
chr2_T_C,3,3
chr2_C_A,17,3
chr2_T_TGAGA,41,3
chr2_C_A,89,3
chr2_T_A,91,3
chr2_A_AAT,85,2
chr2_T_TAC,27,23
chr2_A_G,3,2
chr2_C_T,2,4
chr2_T_G,122,32
chr2_T_G,81,66
chr2_G_A,1,3
chr2_T_C,1,3
chr2_G_GAAA,9,3
chr2_G_GGAAAGGAAAGGA,9,3
chr2_T_G,13,20
chr2_A_G,5,15
chr2_A_C,115,20
chr2_T_C,275,226
chr2_TTC_T,46,3
chr2_A_C,6,13
chr2_ATTTTT_A,316,284
chr2_G_GAAGTAAAGTTCTAT,86,5
chr2_ATGCCTAATAATC_A,24,2
chr2_T_G,64,82
chr2_G_A,0,1
chr2_C_A,224,6
chr2_C_CTCATTT,218,5
chr2_A_ATCTTTTTGG,33,3
chr2_C_A,31,1
chr2_A_G,29,2
chr2_T_TTGTGTGTGTGTGTG,30,9
chr2_A_C,26,3
chr2_T_C,26,3
chr2_A_AAAGC,26,3
chr2_C_T,44,4
chr2_T_A,39,4
chr2_A_T,1,3
chr2_G_A,1,3
chr2_C_A,35,2
chr2_A_C,222,94
chr2_G_A,10,5
chr2_C_T,1,2
chr2_TAAAAA_T,82,33
chr2_T_G,1,2
chr2_CTCTT_C,3,4
chr2_G_T,22,2
chr2_G_A,0,1
chr2_T_TCCCC,57,11
chr2_G_A,2,2
chr2_GTT_G,165,19
chr2_CAA_C,142,14
chr2_G_GTATATA,63,25
chr2_A_G,82,8
chr2_T_C,303,9
chr2_G_T,47,2
chr2_C_T,3,2
chr2_C_G,41,2
chr2_T_TTTTCCTTTCCTTTCC,6,0
chr2_C_T,0,2
chr2_G_A,2,2
chr2_G_A,2,2
chr2_A_G,2,2
chr2_CTTTTTT_C,35,29
chr2_CAAAAAAA_C,114,44
chr2_G_A,97,10
chr2_G_A,135,8
chr2_C_CAGCTACAGCAGAGAGAT,136,5
chr2_G_A,1,3
chr2_A_G,63,3
chr2_A_C,60,3
chr2_ACT_A,83,6
chr2_G_GGAAGAAGAAGAAGAA,2,4
chr2_A_G,3,2
chr2_G_A,0,2
chr2_A_AAAAAT,3,1
chr2_C_A,0,2
chr2_T_G,6,9
chr2_T_G,5,7
chr2_G_A,7,5
chr2_T_C,5,10
chr2_A_C,2,3
chr2_T_C,42,38
chr2_T_G,14,3
chr2_C_A,6,2
chr2_G_A,9,2
chr2_A_G,0,1
chr2_A_G,3,2
chr2_AAGAG_A,10,2
chr2_CTT_C,3,3
chr2_G_T,21,2
chr2_T_A,18,2
chr2_G_GCCC,56,2
chr2_T_TTTTCTCTAGAGACAGTGGG,56,2
chr2_CAAAGGAAAGA_C,9,7
chr2_T_A,5,5
chr2_A_C,0,2
chr2_G_C,2,2
chr2_T_TTCTCTTTCTC,1,9
chr2_GCC_G,9,4
chr2_AG_A,0,2
chr2_G_A,0,2
chr2_T_A,0,2
chr2_T_TATTAAGCTTTTCGCTTA,185,4
chr2_C_CATTTT,56,43
chr2_G_A,7,2
chr2_TATATAC_T,0,2
chr2_A_T,328,33
chr2_A_G,407,14
chr2_T_A,407,15
chr3_G_GTATAGATGAC,44,3
chr3_A_G,1,2
chr3_T_G,38,33
chr3_G_T,2,3
chr3_C_T,2,3
chr3_T_C,5,3
chr3_G_T,26,2
chr3_C_G,1,2
chr3_T_A,0,2
chr3_G_A,3,9
chr3_T_C,5,2
chr3_G_A,0,3
chr3_G_A,0,3
chr3_T_A,40,2
chr3_A_G,0,2
chr3_A_AGATTC,29,2
chr3_T_G,196,69
chr3_G_C,39,37
chr3_G_A,35,34
chr3_G_A,15,12
chr3_A_T,6,6
chr3_C_T,8,6
chr3_T_C,11,5
chr3_T_C,14,4
chr3_C_T,16,4
chr3_C_T,16,5
chr3_G_A,24,6
chr3_A_G,26,6
chr3_ATGTT_A,55,6
chr3_C_CATAG,56,6
chr3_G_A,64,6
chr3_G_A,98,6
chr3_A_G,114,6
chr3_T_A,133,6
chr3_C_T,149,6
chr3_A_C,168,6
chr3_G_T,465,209
chr3_T_G,37,4
chr3_A_C,9,2
chr3_G_A,153,9
chr3_C_T,112,9
chr3_A_G,3,3
chr3_C_T,2,3
chr3_AC_A,46,3
chr3_C_G,42,1
chr3_G_GTTAC,26,2
chr3_T_TAGA,27,2
chr3_G_T,27,2
chr3_C_T,12,5
chr3_CTA_C,267,10
chr3_G_A,0,1
chr3_C_A,271,14
chr3_A_C,63,3
chr3_A_G,13,2
chr3_C_A,5,2
chr3_A_C,0,3
chr3_AAG_A,27,4
chr3_A_T,2,2
chr3_T_G,2,2
chr3_A_C,2,2
chr3_T_TACACACACACACACACAC,0,1
chr3_G_A,115,9
chr3_G_A,134,9
chr3_G_A,155,8
chr3_G_A,171,8
chr3_A_T,185,56
chr3_T_TTTATTAATAA,17,2
chr3_C_CA,17,2
chr3_T_G,17,2
chr3_C_G,0,2
chr3_C_T,2,3
chr3_T_G,79,44
chr3_A_G,36,31
chr3_G_A,1,2
chr3_C_T,1,2
chr3_C_A,0,2
chr3_G_A,2,2
chr3_G_T,25,2
chr3_T_TTTAATATA,20,2
chr3_C_A,6,2
chr3_G_A,0,3
chr3_G_T,27,2
chr3_C_A,1,2
chr3_A_T,19,2
chr3_C_T,83,16
chr3_GAT_G,364,20
chr3_A_G,4,5
chr3_C_A,2,6
chr3_A_G,2,6
chr3_A_C,0,7
chr3_C_CAAAA,263,147
chr3_CA_C,1,2
chr3_T_TC,698,76
chr3_C_CAT,0,2
chr3_CTGTG_C,91,24
chr3_A_G,764,64
chr3_T_G,767,57
chr3_G_A,5,2
chr3_A_AAC,36,2
chr3_CGT_C,36,2
chr3_T_G,475,118
chr3_C_T,0,1
chr3_C_CCCAAGTGATCACA,117,2
chr3_A_T,39,2
chr3_T_G,39,2
chr3_A_C,122,34
chr3_AACAC_A,15,33
chr3_T_G,127,78
chr3_T_G,135,82
chr3_T_TTCTTTGTAGTAGACAACTCTAA,29,2
chr3_A_G,19,2
chr3_A_G,107,47
chr3_A_G,81,4
chr3_C_CTG,24,2
chr3_T_G,265,44
chr3_CAT_C,0,2
chr3_T_C,2,2
chr3_T_A,1,2
chr3_C_T,1,2
chr3_T_TG,0,3
chr3_G_T,160,3
chr3_T_C,23,2
chr3_G_A,22,2
chr3_C_T,19,2
chr3_T_G,267,91
chr3_T_A,55,4
chr3_T_C,1,3
chr3_G_A,2,2
chr3_G_A,1,2
chr3_C_G,3,4
chr3_G_A,2,3
chr3_A_G,1,2
chr3_C_G,1,8
chr3_G_A,1,3
chr3_TTC_T,225,12
chr3_A_T,34,2
chr3_TCTG_T,10,3
chr3_G_A,22,2
chr3_C_CAAAAAA,23,7
chr3_G_GA,2,3
chr3_G_C,2,2
chr3_T_G,1,3
chr3_G_A,1,5
chr3_TAA_T,10,9
chr3_C_T,0,3
chr3_T_TC,672,81
chr3_C_T,49,3
chr3_G_A,46,4
chr3_G_T,46,3
chr3_G_T,43,3
chr3_C_T,28,4
chr3_C_T,32,2
chr3_C_A,33,2
chr3_G_T,33,3
chr3_G_A,37,3
chr3_C_A,39,2
chr3_T_C,69,3
chr3_G_A,69,4
chr3_C_G,69,4
chr3_G_A,62,4
chr3_A_T,62,4
chr3_C_T,0,2
chr3_G_A,1,3
chr3_T_C,1,3
chr3_G_A,3,2
chr3_G_C,3,2
chr3_T_TATC,10,11
chr3_C_CA,0,3
chr3_CAG_C,2,3
chr3_C_T,0,2
chr3_GAAT_G,18,3
chr3_A_G,17,3
chr3_A_G,0,2
chr3_A_T,21,17
chr3_G_GT,0,1
chr3_G_A,0,3
chr3_G_A,153,5
chr3_G_T,0,2
chr3_T_C,26,2
chr3_TGGTGGGGTGCCAG_T,2,2
chr3_G_A,3,2
chr3_G_T,277,33
chr3_C_A,707,53
chr3_G_T,2,2
chr3_A_T,31,2
chr3_C_T,31,2
chr3_T_C,31,2
chr3_T_G,54,116
chr3_A_G,92,81
chr3_C_A,0,1
chr3_A_G,1,2
chr3_T_TGTGA,4,4
chr3_AAGAAAG_A,1,5
chr3_C_A,8,4
chr3_CTTT_C,530,48
chr3_C_A,43,2
chr3_TTG_T,4,2
chr3_C_CACT,2,5
chr3_TCCCAGCACG_T,26,2
chr3_C_CG,32,2
chr3_A_G,5,4
chr3_A_G,2,2
chr3_ATGT_A,25,2
chr3_C_G,22,2
chr3_A_T,30,2
chr3_C_A,46,2
chr3_T_C,30,2
chr3_T_G,0,2
chr3_G_T,8,8
chr3_G_A,3,3
chr3_G_A,0,2
chr3_C_T,1,2
chr3_T_G,0,2
chr3_T_TG,253,37
chr3_T_C,6,2
chr3_CCA_C,7,2
chr3_A_T,13,2
chr3_A_T,11,2
chr3_A_T,12,2
chr3_A_T,13,2
chr3_TC_T,13,2
chr3_T_TACACAC,103,88
chr3_G_A,4,5
chr3_C_A,32,2
chr3_T_G,1,2
chr3_TTC_T,160,7
chr3_A_C,24,2
chr3_A_T,530,14
chr3_G_T,515,14
chr3_C_T,384,20
chr3_T_A,354,21
chr3_A_T,332,21
chr3_T_TG,19,2
chr3_T_TG,150,20
chr3_A_G,18,2
chr3_T_G,66,24
chr3_C_G,26,2
chr3_C_T,25,2
chr3_TGTCTG_T,24,2
chr3_A_G,303,68
chr3_CTG_C,31,4
chr3_T_C,6,2
chr3_C_A,46,2
chr3_C_T,0,2
chr3_C_T,1,2
chr3_A_ACT,30,3
chr3_GTT_G,40,3
chr3_A_G,1,2
chr3_A_G,0,2
chr3_AATAT_A,12,8
chr3_A_C,2,3
chr3_G_T,1,4
chr3_A_AAAGT,0,2
chr3_TCCCCATA_T,66,3
chr3_CA_C,3,3
chr3_C_CT,3,2
chr3_G_T,3,2
chr3_G_T,3,2
chr3_G_T,3,2
chr3_G_T,3,2
chr3_T_C,0,2
chr3_A_G,6,2
chr3_C_T,6,6
chr3_A_C,249,128
chr3_TTATA_T,26,15
chr3_G_T,0,2
chr3_A_ATC,38,2
chr3_A_T,40,2
chr3_A_T,39,2
chr3_A_C,38,2
chr3_A_AATAAATAG,206,23
chr3_T_C,237,41
chr3_C_A,42,2
chr3_G_GAGGAAGGA,5,7
chr3_A_AT,1,3
chr3_A_G,26,2
chr3_T_G,5,2
chr3_G_T,1,2
chr3_CTT_C,15,13
chr3_T_G,144,63
chr3_G_T,82,35
chr3_T_C,5,2
chr3_T_C,26,3
chr3_T_G,678,122
chr3_G_T,32,2
chr3_C_CATATATATATATATATAT,79,11
chr3_T_A,5,3
chr3_T_C,0,2
chr3_TAAAA_T,24,4
chr3_G_C,0,2
chr3_G_A,0,3
chr3_GTA_G,591,111
chr3_T_A,41,2
chr3_CTT_C,43,10
chr3_CCTTCTTCTT_C,12,13
chr3_C_A,0,2
chr3_TATACC_T,111,4
chr3_A_T,44,2
chr3_T_G,221,58
chr3_GATAT_G,262,3
chr3_G_A,3,6
chr3_G_A,3,3
chr3_ATG_A,2,3
chr3_CAT_C,107,8
chr3_CAT_C,21,17
chr3_A_AGTGTGTGTGT,32,21
chr3_A_G,149,27
chr3_C_T,1,3
chr3_G_A,4,4
chr3_G_GAGACA,63,4
chr3_TTC_T,121,10
chr3_G_A,6,9
chr3_C_T,5,2
chr3_A_T,2,3
chr3_T_C,2,2
chr3_C_T,6,3
chr3_T_G,1,3
chr3_C_A,0,2
chr3_AT_A,2,5
chr3_T_TAC,25,2
chr3_T_TAGAAGATACTA,25,2
chr3_T_TTAAGAAAATTATTGTGGCA,86,3
chr3_G_C,2,2
chr3_CGG_C,31,5
chr3_C_CAT,15,5
chr3_G_A,3,2
chr3_A_T,2,3
chr3_A_T,2,2
chr3_A_G,2,3
chr3_A_T,23,2
chr3_CGT_C,11,2
chr3_G_A,11,20
chr3_C_T,28,33
chr3_T_C,285,44
chr3_A_AATGATGTC,72,3
chr3_T_G,71,26
chr3_G_A,0,2
chr3_AAC_A,125,6
chr3_TTTC_T,0,2
chr3_A_AAAG,40,3
chr3_T_A,40,3
chr3_C_T,0,1
chr3_G_T,0,1
chr3_G_A,322,21
chr3_A_AC,145,14
chr3_T_A,50,36
chr3_TTC_T,2,3
chr3_T_C,1,3
chr3_C_T,29,3
chr3_T_C,33,3
chr3_T_TA,18,2
chr3_T_TGTGAAGTACAACCCA,18,2
chr3_C_T,0,3
chr3_C_T,0,3
chr3_GAAA_G,568,32
chr3_TCA_T,14,2
chr3_C_G,41,2
chr3_C_A,47,2
chr3_G_T,100,5
chr3_G_A,36,2
chr3_C_T,110,6
chr3_T_TTTTGTGTGTGTGTGC,54,8
chr3_T_C,1,2
chr4_A_G,1257,56
chr4_A_G,1242,74
chr4_A_C,0,6
chr4_C_A,8,2
chr4_A_C,2,3
chr4_G_T,0,1
chr4_A_T,0,1
chr4_A_G,0,2
chr4_G_T,3,2
chr4_C_T,0,2
chr4_C_A,7,3
chr4_C_A,13,2
chr4_C_A,68,4
chr4_G_A,2,2
chr4_G_T,0,2
chr4_G_A,1,3
chr4_A_AATAT,54,4
chr4_C_T,59,6
chr4_A_ACTCTCTCT,15,2
chr4_T_TC,7,5
chr4_T_TTCTTTTTTCTTC,7,5
chr4_AAC_A,113,6
chr4_C_T,0,2
chr4_A_C,435,87
chr4_T_TTTTCTTTC,8,5
chr4_C_A,2,3
chr4_CACAT_C,97,10
chr4_GGT_G,0,4
chr4_C_T,3,2
chr4_T_TCTTC,2,1
chr4_T_TG,488,36
chr4_T_C,40,7
chr4_T_C,40,7
chr4_T_TACACACAC,54,8
chr4_A_G,0,2
chr4_G_GTGATTGAGA,41,4
chr4_C_T,41,1
chr4_A_G,2,4
chr4_T_G,1,4
chr4_G_GT,1,3
chr4_G_T,9,2
chr4_C_T,2,3
chr4_GGAAGGGAGGAAGGAAAAAAGGAAGGAAGAGGAGGAGGAAGGAGGGAGGAAGGGAGGAAGGAAGGAAATAAGGAAGGAAGGAAAGAAGGAGAAAGGAGGGAA_G,15,5
chr4_C_A,46,3
chr4_TG_T,3,4
chr4_A_C,137,66
chr4_C_T,6,2
chr4_CAG_C,3,3
chr4_CAAA_C,24,26
chr4_CAAA_C,84,23
chr4_T_A,179,5
chr4_A_C,179,5
chr4_C_CTTTCCATG,78,3
chr4_T_A,3,4
chr4_G_C,1,4
chr4_A_G,3,4
chr4_A_G,3,2
chr4_G_A,3,1
chr4_TC_T,3,2
chr4_A_C,819,39
chr4_A_C,838,59
chr4_AAG_A,200,16
chr4_A_C,484,89
chr4_CAA_C,50,34
chr4_T_C,533,119
chr4_C_T,6,2
chr4_T_G,64,45
chr4_A_G,33,2
chr4_A_G,105,3
chr4_C_A,0,1
chr4_G_T,8,2
chr4_T_C,33,4
chr4_A_G,55,6
chr4_C_T,56,6
chr4_G_A,1,2
chr4_GGT_G,288,30
chr4_T_C,0,2
chr4_CAG_C,155,6
chr4_C_T,2,2
chr4_T_C,31,2
chr4_G_A,1,2
chr4_A_T,35,3
chr4_C_CTACATTATTAAGAATAACTTGA,138,5
chr4_C_A,9,2
chr4_C_G,0,2
chr4_T_C,4,4
chr4_AC_A,3,2
chr4_C_CA,3,2
chr4_A_AT,14,14
chr4_T_G,0,2
chr4_G_A,2,2
chr4_A_G,2,2
chr4_G_A,0,3
chr4_AGT_A,96,10
chr4_CTG_C,103,9
chr4_G_A,411,17
chr4_T_C,396,17
chr4_A_AAATG,27,2
chr4_A_G,19,20
chr4_C_A,4,3
chr4_A_AGTAGCGC,100,4
chr4_A_G,100,2
chr4_A_T,919,24
chr4_T_C,12,17
chr4_A_G,362,67
chr4_C_T,13,18
chr4_C_T,3,2
chr4_A_C,418,139
chr4_G_GGATGCCTTCTTGCT,45,2
chr4_G_T,82,4
chr4_A_C,158,130
chr4_G_C,1,2
chr4_T_C,0,2
chr4_T_C,228,56
chr4_T_G,440,103
chr4_T_A,9,5
chr4_T_TCTTG,28,2
chr4_G_T,22,2
chr4_CAT_C,6,2
chr4_C_G,16,23
chr4_GGT_G,45,3
chr4_T_C,1,5
chr4_T_C,37,2
chr4_AT_A,8,2
chr4_TTA_T,63,13
chr4_C_A,1,3
chr4_T_G,0,2
chr4_AAC_A,150,7
chr4_C_A,31,2
chr4_A_G,2,3
chr4_T_C,0,4
chr4_A_T,0,3
chr4_T_C,0,2
chr4_TTTGCTCAAGTGATTCTTAGG_T,37,3
chr4_CTCA_C,19,3
chr4_T_G,7,5
chr4_A_G,1,2
chr4_T_A,0,3
chr4_C_CCAA,44,2
chr4_G_GGTATC,46,2
chr4_T_TAATGAAGCTGGCATTGATATA,45,2
chr4_G_C,2,2
chr4_AAC_A,32,4
chr4_T_G,419,99
chr4_A_C,10,5
chr4_T_G,0,1
chr4_A_G,0,3
chr4_GAC_G,379,62
chr4_G_GAT,41,2
chr4_TTG_T,39,4
chr4_A_T,2,2
chr4_AAT_A,39,4
chr4_T_C,103,7
chr4_C_T,557,27
chr4_G_A,321,16
chr4_T_A,333,10
chr4_T_C,353,12
chr4_T_A,20,2
chr4_C_T,6,3
chr4_C_T,1,2
chr4_T_TC,26,2
chr4_C_T,1,2
chr4_T_G,228,64
chr4_T_TAC,9,17
chr4_GTC_G,29,5
chr4_G_A,0,2
chr4_C_A,7,2
chr4_ACC_A,11,3
chr4_TGCGCATAAAGGGAGCGTCCCATTTACACATGAATA_T,25,3
chr4_A_AGAAAGAAAGAAAAGAGAG,4,5
chr4_G_T,20,2
chr4_G_T,0,7
chr4_A_ATTTTAATTAATAAGT,295,21
chr4_C_G,1,3
chr4_C_A,57,59
chr4_A_ATGTGTG,79,35
chr4_T_G,3,2
chr4_A_AT,3,4
chr4_C_T,0,3
chr4_T_C,9,8
chr4_GAC_G,3,2
chr4_TACAC_T,15,3
chr4_G_A,0,3
chr4_A_G,0,3
chr4_G_A,1,5
chr4_G_C,18,16
chr4_A_G,3,5
chr4_ATCCTTCCTTCCTTCCTTCCT_A,0,2
chr4_AAG_A,15,4
chr4_C_A,0,2
chr4_A_C,335,135
chr4_A_ATATG,22,12
chr4_C_A,41,3
chr4_G_GTGTTACTT,86,4
chr4_T_C,1,2
chr4_C_T,16,3
chr4_T_TGTGTGTG,5,2
chr4_C_T,0,5
chr4_A_ACTTTCTTTCTTT,4,4
chr4_T_TC,5,2
chr4_C_T,0,2
chr4_G_A,2,2
chr4_AGG_A,3,2
chr4_G_T,0,2
chr4_G_A,312,4
chr4_T_C,5,6
chr4_TTA_T,2,3
chr4_A_C,6,7
chr4_T_C,329,9
chr4_C_T,319,6
chr4_A_T,1,2
chr4_C_G,347,13
chr4_C_A,320,12
chr4_C_A,3,2
chr4_CTGTGTG_C,28,9
chr4_CTCTTTCTT_C,11,4
chr4_A_AACAAGATTAACATT,42,4
chr4_G_A,0,2
chr4_G_A,0,5
chr4_A_T,28,4
chr4_TGAAG_T,1,5
chr4_G_A,5,2
chr4_G_T,0,2
chr4_A_C,53,43
chr4_G_A,55,3
chr4_T_G,235,42
chr4_GAGAAAGAA_G,47,42
chr4_T_G,3,4
chr4_C_A,21,2
chr4_TTG_T,160,10
chr4_A_G,38,2
chr4_A_G,182,15
chr4_A_G,187,16
chr4_A_T,39,3
chr4_T_A,3,2
chr4_G_A,242,7
chr4_G_GTTA,27,3
chr4_C_CTA,27,3
chr4_A_T,27,2
chr4_T_TC,340,28
chr4_C_CT,145,1
chr4_T_A,26,2
chr4_G_A,5,2
chr4_A_G,0,3
chr4_A_G,40,2
chr4_GAT_G,248,30
chr4_T_G,4,2
chr4_TACAC_T,5,2
chr4_T_G,221,45
chr4_A_G,1,2
chr4_CAACAAACAAACA_C,1,2
chr4_ATGTTT_A,99,8
chr4_A_G,2,2
chr4_A_C,165,29
chr4_T_TC,584,36
chr4_G_GT,14,2
chr4_A_T,19,4
chr4_G_C,1,3
chr4_T_A,3,2
chr4_G_GA,11,18
chr4_T_C,81,4
chr4_G_A,80,4
chr4_C_A,126,10
chr4_C_T,5,2
chr4_G_T,0,1
chr5_A_G,2,2
chr5_T_TAA,29,4
chr5_G_T,29,4
chr5_CAT_C,29,2
chr5_A_G,28,1
chr5_C_T,140,8
chr5_C_T,10,4
chr5_G_C,24,3
chr5_CACAT_C,3,2
chr5_TCCA_T,5,4
chr5_TCCATCCATC_T,5,5
chr5_C_T,8,3
chr5_G_A,0,2
chr5_C_G,2,2
chr5_C_T,0,1
chr5_A_G,0,2
chr5_A_G,2,2
chr5_G_C,0,2
chr5_G_A,2,2
chr5_C_T,0,2
chr5_TA_T,0,2
chr5_G_A,0,1
chr5_GCACA_G,208,19
chr5_C_T,1,3
chr5_C_T,234,95
chr5_G_T,30,2
chr5_C_T,7,3
chr5_G_A,12,3
chr5_G_C,4,2
chr5_C_A,2,3
chr5_A_G,1,2
chr5_C_A,214,8
chr5_A_G,89,4
chr5_C_A,39,2
chr5_A_C,53,38
chr5_G_A,0,2
chr5_TG_T,3,2
chr5_C_T,1,4
chr5_A_T,16,2
chr5_A_G,11,2
chr5_G_A,39,2
chr5_G_C,36,1
chr5_C_T,7,10
chr5_C_A,21,16
chr5_C_A,78,6
chr5_T_G,489,165
chr5_G_GGTAATGTATGTAA,6,2
chr5_A_ATTATTTTGTT,46,2
chr5_A_T,46,1
chr5_G_T,1070,84
chr5_TTG_T,316,13
chr5_C_G,4,2
chr5_T_A,3,2
chr5_A_C,2,3
chr5_T_C,4,4
chr5_AAAAG_A,10,7
chr5_T_C,2,5
chr5_CCT_C,57,46
chr5_T_TG,603,45
chr5_CAGG_C,73,3
chr5_AGTCCGGGGGGCAGG_A,70,3
chr5_A_T,53,3
chr5_G_T,53,3
chr5_G_A,22,14
chr5_T_TG,383,27
chr5_AGAAGGAAGGAAGGAAG_A,0,2
chr5_G_A,2,3
chr5_C_T,2,2
chr5_GAAGAAAGAAAGA_G,3,4
chr5_C_T,25,2
chr5_T_C,1,2
chr5_A_G,1,6
chr5_G_GAAAGAA,5,1
chr5_T_C,2,3
chr5_CAAAA_C,120,63
chr5_C_T,1,2
chr5_A_G,0,3
chr5_T_TG,132,18
chr5_G_C,2,2
chr5_T_C,0,2
chr5_A_G,1,3
chr5_C_A,1,2
chr5_G_A,28,2
chr5_C_T,2,3
chr5_T_C,4,4
chr5_G_A,1,2
chr5_C_T,1,6
chr5_C_T,2,2
chr5_A_T,13,2
chr5_G_A,0,3
chr5_C_A,0,2
chr5_GTATA_G,48,4
chr5_C_CTCTTTCTTTCTT,2,2
chr5_T_C,72,51
chr5_T_A,2,2
chr5_T_A,5,7
chr5_TAA_T,199,30
chr5_T_G,514,117
chr5_C_T,44,3
chr5_A_G,40,3
chr5_T_G,144,45
chr5_T_C,13,4
chr5_C_G,2,3
chr5_T_TG,668,45
chr5_A_G,0,2
chr5_A_C,147,98
chr5_A_G,0,2
chr5_CAT_C,48,3
chr5_T_C,273,4
chr5_T_C,3,4
chr5_T_G,444,212
chr5_G_T,9,2
chr5_T_G,2,2
chr5_TTTGATTTG_T,40,3
chr5_A_C,373,65
chr5_T_C,2,2
chr5_GAT_G,31,4
chr5_G_T,433,345
chr5_A_C,281,68
chr5_TAAAA_T,26,41
chr5_C_A,1,4
chr5_C_G,0,2
chr5_A_G,2,3
chr5_C_T,2,2
chr5_G_A,17,14
chr5_C_CGGAAA,0,8
chr5_G_C,4,3
chr5_G_A,0,2
chr5_GGT_G,6,3
chr5_C_A,1,3
chr5_G_T,3,2
chr5_G_T,4,2
chr5_A_G,1,2
chr5_G_A,11,3
chr5_T_C,0,2
chr5_G_T,0,2
chr5_T_C,0,2
chr5_C_T,3,6
chr5_T_C,4,4
chr5_T_G,449,140
chr5_T_TG,756,54
chr5_C_T,29,2
chr5_TTTTC_T,0,3
chr5_C_T,0,2
chr5_G_GA,5,2
chr5_T_G,5,3
chr5_CAT_C,90,5
chr5_TAC_T,74,7
chr5_T_C,0,1
chr5_G_A,4,2
chr5_TGG_T,0,3
chr5_A_C,42,3
chr5_C_A,17,2
chr5_C_A,20,13
chr5_GAAT_G,0,2
chr5_G_A,4,5
chr5_GGA_G,136,19
chr5_A_G,108,6
chr5_T_C,0,2
chr5_G_A,1,2
chr5_G_T,1,4
chr5_A_T,21,2
chr5_T_A,179,16
chr5_A_C,449,120
chr5_C_CT,26,2
chr5_A_G,26,2
chr5_C_T,23,2
chr5_C_T,1,2
chr5_G_A,53,3
chr5_T_TCATAA,53,3
chr5_A_C,53,22
chr5_A_G,30,2
chr5_T_TC,264,24
chr5_TC_T,2,2
chr5_C_A,148,14
chr5_C_A,169,12
chr5_T_A,173,11
chr5_T_TAGAA,14,6
chr5_GT_G,5,3
chr5_C_T,45,2
chr5_A_G,0,2
chr5_A_C,280,118
chr5_C_A,71,8
chr5_A_C,1,2
chr5_A_T,76,4
chr5_G_C,0,2
chr5_G_A,1,8
chr5_A_G,2,4
chr5_T_A,1,3
chr5_A_G,7,3
chr5_T_C,110,97
chr5_T_A,22,2
chr5_G_T,2,3
chr5_G_T,0,1
chr5_G_T,2,2
chr5_G_T,4,2
chr5_G_A,4,2
chr5_TGGA_T,0,2
chr5_C_G,0,1
chr5_T_C,2,2
chr5_T_A,0,2
chr5_C_T,0,3
chr5_G_T,0,3
chr5_T_C,26,2
chr5_G_A,0,2
chr5_TA_T,23,32
chr5_T_TG,337,23
chr5_C_CTCTG,120,92
chr5_C_A,0,2
chr5_A_C,225,65
chr5_C_T,139,6
chr5_CGTGTGTGCGT_C,270,12
chr5_A_G,61,4
chr5_G_T,60,4
chr5_A_AAAAGTG,61,3
chr5_G_C,30,2
chr5_TTGCCCAG_T,28,2
chr5_T_A,21,2
chr5_T_C,0,2
chr5_A_G,0,2
chr5_A_G,5,3
chr5_A_C,163,110
chr5_C_CCAA,29,2
chr6_C_T,5,3
chr6_C_T,7,5
chr6_CAT_C,144,6
chr6_C_T,1,3
chr6_T_A,1,4
chr6_T_A,8,8
chr6_C_G,0,3
chr6_C_T,0,2
chr6_TA_T,1,4
chr6_A_G,11,16
chr6_TTA_T,78,4
chr6_G_GGTCGCC,188,7
chr6_A_AT,195,7
chr6_T_TTAAA,203,7
chr6_A_T,14,2
chr6_TTTTC_T,1,2
chr6_G_T,2,2
chr6_G_GAC,9,19
chr6_G_GAA,9,20
chr6_G_A,9,17
chr6_T_G,210,60
chr6_C_T,1,2
chr6_T_G,58,22
chr6_T_A,5,2
chr6_C_A,0,3
chr6_C_G,26,2
chr6_T_A,26,2
chr6_G_A,8,2
chr6_T_C,241,18
chr6_A_G,226,25
chr6_G_A,221,25
chr6_G_A,289,13
chr6_C_T,431,12
chr6_T_C,427,13
chr6_T_C,430,15
chr6_A_G,372,16
chr6_C_T,327,14
chr6_A_G,325,14
chr6_A_ATAATAACG,322,12
chr6_C_T,264,19
chr6_C_T,236,21
chr6_G_A,232,22
chr6_T_C,224,10
chr6_C_T,139,23
chr6_T_C,133,14
chr6_A_T,133,14
chr6_A_T,128,13
chr6_C_T,102,5
chr6_G_T,96,4
chr6_T_C,2,2
chr6_ATACCTGTCT_A,93,3
chr6_A_G,88,3
chr6_C_G,24,2
chr6_T_A,21,2
chr6_C_T,2,4
chr6_TCCTCCCTTC_T,11,2
chr6_ATTG_A,3,2
chr6_AAAAG_A,1,4
chr6_T_C,2,3
chr6_A_T,42,2
chr6_A_G,40,2
chr6_G_T,32,2
chr6_A_T,32,2
chr6_A_C,30,2
chr6_TAC_T,2,2
chr6_T_C,3,2
chr6_C_G,3,2
chr6_G_T,20,2
chr6_G_C,20,2
chr6_TGCTGA_T,22,2
chr6_A_T,14,2
chr6_A_T,153,36
chr6_TAAAAAAAAAAAAAAAAAAAAA_T,25,13
chr6_C_T,39,4
chr6_T_C,42,3
chr6_A_AGT,45,2
chr6_A_C,1,5
chr6_GAT_G,143,6
chr6_T_C,0,2
chr6_C_T,0,2
chr6_G_T,0,2
chr6_G_C,0,2
chr6_C_A,3,2
chr6_G_A,1,2
chr6_G_A,23,2
chr6_A_T,0,2
chr6_T_A,0,2
chr6_T_C,1,2
chr6_G_A,1,2
chr6_C_A,1,2
chr6_C_T,91,5
chr6_GGT_G,0,3
chr6_A_T,0,3
chr6_G_GCA,0,3
chr6_C_T,1,3
chr6_C_T,1,2
chr6_C_A,0,1
chr6_C_A,0,2
chr6_G_A,12,4
chr6_T_C,14,4
chr6_T_G,15,4
chr6_A_T,15,4
chr6_TC_T,15,2
chr6_A_ATC,15,2
chr6_A_G,25,2
chr6_T_A,28,2
chr6_G_A,30,2
chr6_C_T,42,5
chr6_T_C,120,15
chr6_C_A,8,2
chr6_A_T,7,3
chr6_T_A,5,3
chr6_T_C,44,6
chr6_G_T,45,6
chr6_G_A,60,7
chr6_T_C,29,2
chr6_A_G,2,2
chr6_A_G,2,2
chr6_A_C,2,2
chr6_T_C,2,2
chr6_T_C,2,2
chr6_T_A,6,2
chr6_A_T,7,2
chr6_A_T,0,3
chr6_G_A,0,2
chr6_A_T,0,2
chr6_G_A,0,2
chr6_A_G,0,2
chr6_A_G,1,2
chr6_A_G,6,5
chr6_C_G,24,2
chr6_T_C,31,2
chr6_G_A,4,3
chr6_G_C,27,3
chr6_A_ACATCTTCTTTCT,25,3
chr6_A_ATGTGTG,0,3
chr6_C_T,181,5
chr6_C_CCCA,75,32
chr6_A_G,21,2
chr6_T_C,0,1
chr6_GC_G,4,2
chr6_T_A,0,2
chr6_T_G,1,2
chr6_T_G,15,2
chr6_C_T,47,2
chr6_T_G,20,10
chr6_A_C,9,3
chr6_GT_G,0,2
chr6_T_G,0,2
chr6_A_G,0,2
chr6_TGA_T,171,20
chr6_G_T,1,3
chr6_A_G,444,8
chr6_G_T,94,4
chr6_A_T,1,4
chr6_G_GCACGCACA,2,3
chr6_C_T,21,2
chr6_G_A,8,7
chr6_G_A,1,6
chr6_CTCTA_C,4,2
chr6_G_T,3,2
chr6_T_G,357,91
chr6_T_TTATTA,77,5
chr6_G_T,75,4
chr6_G_T,74,4
chr6_C_A,74,3
chr6_A_T,73,2
chr6_TAC_T,217,4
chr6_CGA_C,71,9
chr6_A_T,21,2
chr6_G_T,0,2
chr6_C_CA,2,3
chr6_G_A,1,3
chr6_A_G,8,2
chr6_A_C,4,2
chr6_G_A,0,2
chr6_G_A,19,13
chr6_T_A,0,3
chr6_G_A,5,3
chr6_A_G,0,4
chr6_T_C,4,2
chr6_G_GAAAA,320,253
chr6_AAAAG_A,6,2
chr6_C_A,261,24
chr6_T_TTC,0,2
chr6_AAT_A,96,8
chr6_C_CTTTATTATTTGTAGTA,134,5
chr6_A_AATATATAT,77,19
chr6_A_C,252,69
chr6_C_T,1,3
chr6_A_G,1,2
chr6_T_C,6,5
chr6_G_A,46,2
chr6_CTTT_C,403,19
chr6_T_C,6,3
chr6_G_A,0,2
chr6_G_GAAAAAAAGAAAAGA,2,3
chr6_A_C,220,58
chr6_C_T,33,3
chr6_G_A,46,2
chr6_G_T,1,2
chr6_C_A,18,2
chr6_A_C,306,90
chr6_T_C,1,3
chr6_A_C,426,150
chr6_G_T,3,2
chr6_C_T,3,4
chr6_G_GGTTTT,95,3
chr6_G_A,0,2
chr6_G_GT,73,43
chr6_C_T,1,3
chr6_G_GC,351,75
chr6_A_G,4,2
chr6_T_TG,881,90
chr6_A_G,34,2
chr6_TAA_T,22,19
chr6_G_A,3,2
chr6_T_TTCCTCC,2,5
chr6_T_C,2,4
chr6_G_A,0,1
chr6_T_G,18,9
chr6_A_T,18,2
chr6_T_G,216,10
chr6_A_G,217,8
chr6_T_A,18,3
chr6_T_A,60,2
chr6_G_A,3,5
chr6_AGT_A,54,3
chr6_T_TGC,53,3
chr6_C_A,0,2
chr6_G_A,1,3
chr6_G_A,1,3
chr6_T_TAAAAAA,39,4
chr6_A_C,278,79
chr6_T_A,28,2
chr6_GAC_G,22,2
chr6_AG_A,254,14
chr6_G_A,309,19
chr6_T_A,350,13
chr6_G_A,363,13
chr6_T_A,26,2
chr6_C_G,19,5
chr6_T_TTAAAATATAG,19,5
chr6_C_T,19,3
chr6_T_G,586,238
chr6_G_T,25,27
chr6_CTG_C,238,20
chr6_T_TG,417,44
chr6_A_AAAGGAAGGAGGGAAGAAGG,2,5
chr6_T_C,110,4
chr6_C_A,108,4
chr6_C_T,3,2
chr6_AAC_A,209,8
chr6_A_AACCATTTTGCCATCCT,32,2
chr6_A_T,10,2
chr6_A_T,0,3
chr6_C_A,0,2
chr6_G_A,2,4
chr6_C_T,1,2
chr6_C_T,0,2
chr6_GAC_G,470,24
chr6_A_C,289,98
chr6_T_C,185,43
chr6_G_A,152,30
chr6_T_A,5,2
chr6_T_TA,21,2
chr6_T_A,21,2
chr6_A_T,20,2
chr6_C_T,2,3
chr6_AAC_A,528,16
chr6_A_C,81,46
chr6_CGT_C,321,12
chr6_CTCCTTCCTTCCT_C,4,5
chr6_TGA_T,60,8
chr6_A_G,204,8
chr6_A_AAATG,67,3
chr6_AG_A,264,8
chr6_A_AAT,41,43
chr6_T_G,448,115
chr6_GGA_G,12,2
chr6_G_T,2,2
chr6_G_A,20,2
chr6_TCTTCCTTCCTTCCTTCCTTC_T,7,3
chr6_A_G,34,18
chr6_C_A,33,2
chr6_A_C,3,2
chr6_T_TG,281,22
chr6_A_C,396,147
chr6_A_C,385,137
chr6_A_C,361,188
chr6_A_C,117,159
chr6_G_A,105,19
chr6_GTTA_G,255,15
chr6_A_C,4,2
chr6_A_G,4,2
chr6_T_C,2,2
chr6_CTG_C,89,5
chr6_A_AAAAT,13,8
chr6_T_TTTTTTAATGTTTTAG,38,3
chr6_T_TTTGGGATGATAAA,38,2
chr6_A_C,39,3
chr6_ACC_A,19,2
chr6_C_T,0,2
chr6_T_G,349,71
chr6_C_T,0,2
chr6_A_C,207,56
chr6_T_C,0,1
chr6_T_C,0,1
chr6_ATG_A,29,4
chr6_GTC_G,23,2
chr6_T_TTA,126,4
chr6_G_T,126,4
chr6_C_G,143,26
chr6_C_A,204,52
chr6_G_A,1,3
chr6_C_T,0,3
chr6_A_T,35,2
chr6_CTCTCTCTCTCTCTATATATATATA_C,92,8
chr6_T_C,11,5
chr6_T_G,0,1
chr6_T_A,0,2
chr6_C_T,0,2
chr6_AAC_A,24,4
chr6_G_A,14,9
chr6_C_T,95,79
chr6_A_C,47,7
chr6_A_C,2,2
chr6_C_A,25,2
chr6_A_C,342,110
chr6_A_T,25,2
chr6_C_G,293,41
chr6_T_A,44,2
chr6_C_A,9,4
chr6_CTT_C,2,7
chr6_T_C,2,7
chr6_A_ACACAC,2,7
chr6_TGTATATG_T,2,7
chr6_T_TC,804,67
chr7_C_T,0,2
chr7_T_TG,118,16
chr7_A_C,485,115
chr7_C_T,0,2
chr7_TGTCGCTA_T,0,1
chr7_A_G,2,2
chr7_G_T,20,4
chr7_A_G,103,20
chr7_C_T,0,2
chr7_C_T,1,2
chr7_T_TA,64,88
chr7_T_A,0,4
chr7_T_C,0,4
chr7_T_C,16,3
chr7_G_C,7,11
chr7_T_G,3,2
chr7_G_T,49,3
chr7_A_ATCT,50,3
chr7_A_G,0,4
chr7_GCA_G,91,6
chr7_G_GAA,24,3
chr7_C_T,18,2
chr7_C_T,18,2
chr7_C_T,19,2
chr7_CAT_C,51,7
chr7_G_A,1,2
chr7_C_CG,1,2
chr7_C_G,1,2
chr7_G_A,8,2
chr7_A_C,0,4
chr7_TA_T,31,4
chr7_AAAAT_A,8,17
chr7_TACAC_T,60,6
chr7_GAC_G,120,6
chr7_GAC_G,151,8
chr7_T_A,1,2
chr7_A_AGTTTTAGAAAGC,69,3
chr7_T_A,36,2
chr7_A_G,2,3
chr7_T_G,385,68
chr7_T_TG,339,25
chr7_T_G,74,13
chr7_C_T,0,2
chr7_C_CT,81,4
chr7_G_GTTCTGTTTTCTTAAAAA,81,3
chr7_A_C,1,2
chr7_A_G,6,3
chr7_C_T,63,8
chr7_T_TC,2,3
chr7_TCA_T,185,9
chr7_A_T,7,2
chr7_C_CCATAATAATGTT,17,3
chr7_TTC_T,604,25
chr7_G_A,1,3
chr7_T_G,30,29
chr7_A_G,6,4
chr7_G_T,0,2
chr7_G_GA,0,2
chr7_A_C,20,19
chr7_G_A,55,24
chr7_A_C,352,131
chr7_C_T,3,3
chr7_G_T,2,2
chr7_GGT_G,464,18
chr7_C_T,0,3
chr7_A_C,0,2
chr7_T_G,7,7
chr7_C_A,1,4
chr7_A_G,3,3
chr7_CTCTTTCTTTCTT_C,2,4
chr7_T_C,0,2
chr7_T_C,3,3
chr7_G_GA,3,4
chr7_A_G,11,5
chr7_GAGAAT_G,13,5
chr7_G_T,12,5
chr7_A_G,12,5
chr7_A_C,0,2
chr7_GAAGA_G,3,3
chr7_G_A,5,2
chr7_G_T,0,1
chr7_G_C,0,1
chr7_C_G,0,3
chr7_TTG_T,300,12
chr7_ACT_A,76,2
chr7_GGGAAGGAAGGAAGGAAGGAA_G,0,5
chr7_T_A,154,39
chr7_T_A,8,2
chr7_G_A,45,2
chr7_CAT_C,2,4
chr7_C_T,1,2
chr7_G_A,1,2
chr7_G_A,85,3
chr7_G_GAGCT,26,2
chr7_G_T,44,2
chr7_T_G,449,232
chr7_T_G,5,4
chr7_C_T,2,3
chr7_G_GAA,143,151
chr7_A_C,163,74
chr7_T_A,65,4
chr7_G_C,3,3
chr7_A_G,2,3
chr7_C_A,3,2
chr7_T_G,577,224
chr7_A_G,5,2
chr7_G_A,25,24
chr7_A_G,1,3
chr7_GCACACACACA_G,10,13
chr7_T_G,451,117
chr7_T_G,13,2
chr7_G_A,15,6
chr7_A_G,125,4
chr7_C_A,128,4
chr7_A_C,128,4
chr7_T_C,132,5
chr7_G_T,319,15
chr7_C_T,19,3
chr7_C_T,15,2
chr7_T_C,0,1
chr7_A_T,0,1
chr7_C_A,704,17
chr7_T_C,410,3
chr7_A_C,34,24
chr7_A_G,80,6
chr7_TTG_T,80,5
chr7_A_T,0,1
chr7_G_T,3,6
chr7_TTTTG_T,25,29
chr7_T_A,517,17
chr7_A_ATTT,506,32
chr7_TGG_T,433,19
chr7_T_C,49,22
chr7_C_A,21,14
chr7_A_C,336,108
chr7_G_A,0,4
chr7_C_A,15,2
chr7_G_A,378,149
chr7_T_G,9,3
chr7_T_TA,315,40
chr7_T_G,244,111
chr7_T_C,1,3
chr7_G_A,0,2
chr7_C_T,1,2
chr7_A_G,2,2
chr7_A_G,0,2
chr7_C_A,1,2
chr7_C_A,221,7
chr7_G_A,57,7
chr7_AT_A,23,3
chr7_T_C,1,2
chr7_C_A,0,3
chr7_T_C,2,4
chr7_C_G,8,8
chr7_T_C,0,3
chr7_C_T,2,3
chr7_T_G,446,117
chr7_C_A,2,2
chr7_A_C,355,142
chr7_T_C,9,2
chr7_A_T,36,3
chr7_T_C,36,3
chr7_CACAATCTGATA_C,36,3
chr7_A_T,1,3
chr7_C_A,218,199
chr7_C_G,43,3
chr7_T_TAATAGGCTAAA,41,3
chr7_GTCTCTC_G,114,46
chr7_T_C,642,20
chr7_TTA_T,359,18
chr7_GT_G,3,5
chr7_C_A,38,2
chr7_T_TC,501,66
chr7_A_C,362,157
chr7_C_CTTTAT,13,13
chr7_A_C,31,7
chr7_C_A,36,3
chr7_GGA_G,18,3
chr7_A_G,50,38
chr7_G_A,8,6
chr7_T_G,52,25
chr7_T_C,2,2
chr7_C_A,2,2
chr7_G_A,1,3
chr7_ATTGTT_A,1,3
chr7_AGT_A,18,2
chr7_TG_T,0,2
chr7_T_C,0,3
chr7_T_TC,687,81
chr7_AATC_A,132,4
chr7_A_G,88,3
chr7_G_A,89,3
chr7_G_A,15,2
chr7_A_T,90,4
chr7_A_T,41,2
chr7_A_T,42,2
chr7_G_A,42,2
chr7_A_G,40,2
chr7_A_G,39,3
chr7_A_C,71,3
chr7_G_C,71,3
chr7_C_A,70,3
chr7_C_T,4,4
chr7_T_C,4,4
chr7_G_A,74,4
chr7_T_G,80,3
chr7_CCT_C,84,3
chr7_CA_C,79,3
chr7_C_CGT,79,3
chr7_C_A,74,7
chr7_C_G,74,7
chr7_A_T,74,7
chr7_G_C,74,7
chr7_C_T,73,7
chr7_T_C,71,6
chr7_A_C,69,6
chr7_T_C,74,6
chr7_C_T,75,6
chr7_A_G,76,6
chr7_T_G,77,6
chr7_T_C,78,6
chr7_A_G,74,6
chr7_A_G,73,6
chr7_A_T,72,6
chr7_A_G,40,3
chr7_C_T,41,3
chr7_T_C,76,3
chr7_G_C,77,3
chr7_A_G,83,3
chr7_C_T,75,3
chr7_A_G,74,3
chr7_T_G,823,72
chr7_A_G,2,2
chr7_G_GAA,25,21
chr7_A_G,25,23
chr7_G_A,4,4
chr7_C_T,1,2
chr7_AAT_A,68,7
chr7_AAG_A,53,3
chr7_C_CTT,52,3
chr7_T_G,243,75
chr7_A_C,12,10
chr7_T_G,461,111
chr7_T_C,1130,67
chr7_C_T,147,6
chr7_A_T,153,7
chr7_C_A,323,12
chr7_G_A,32,3
chr7_C_A,19,4
chr7_C_G,19,5
chr7_A_C,48,25
chr7_CTT_C,234,11
chr7_G_C,1,2
chr7_A_T,212,12
chr7_C_T,383,29
chr7_C_A,486,28
chr7_A_G,963,30
chr7_T_A,681,26
chr7_A_T,257,14
chr7_C_T,412,20
chr7_A_C,438,18
chr7_T_C,375,23
chr7_T_C,8,2
chr7_T_C,512,29
chr7_A_G,0,2
chr7_G_T,0,2
chr7_C_T,10,2
chr7_T_C,8,7
chr7_T_C,20,7
chr7_G_A,15,2
chr8_A_C,1,3
chr8_A_G,2,3
chr8_TAC_T,8,2
chr8_C_T,18,2
chr8_TTGTGTGTGTGTCTGTGTGTGTG_T,6,3
chr8_T_TAG,7,2
chr8_T_A,2,2
chr8_G_C,0,2
chr8_G_A,0,2
chr8_A_G,0,4
chr8_G_A,0,2
chr8_T_A,2,2
chr8_T_C,369,16
chr8_A_G,3,3
chr8_A_T,1,2
chr8_AAAAC_A,67,3
chr8_T_A,1,2
chr8_C_T,2,2
chr8_C_A,6,6
chr8_T_G,507,163
chr8_T_A,11,16
chr8_C_T,2,3
chr8_T_C,1,3
chr8_A_T,26,2
chr8_T_C,3,2
chr8_C_A,0,1
chr8_TA_T,7,2
chr8_GTAC_G,8,2
chr8_C_A,35,2
chr8_T_C,9,3
chr8_C_A,42,2
chr8_GC_G,17,3
chr8_C_A,28,2
chr8_C_A,180,5
chr8_T_G,2,4
chr8_C_A,0,2
chr8_T_C,1,2
chr8_C_CCTGATACTTTTTCTTGTTTCTTTACTGTCTACCTTCCATTA,50,4
chr8_A_G,3,2
chr8_C_A,45,2
chr8_A_G,5,2
chr8_G_GAGAA,3,5
chr8_T_C,39,2
chr8_T_C,40,2
chr8_C_A,0,2
chr8_G_T,20,2
chr8_G_A,0,2
chr8_G_GATCT,607,120
chr8_GGT_G,231,20
chr8_CGT_C,137,6
chr8_C_CCTT,7,3
chr8_C_CTTCTT,5,3
chr8_G_T,0,2
chr8_C_T,2,2
chr8_CTT_C,38,37
chr8_TGC_T,21,2
chr8_T_A,20,2
chr8_C_T,16,2
chr8_C_G,15,2
chr8_GGT_G,30,4
chr8_CTA_C,112,6
chr8_C_T,5,5
chr8_T_C,181,5
chr8_C_T,3,3
chr8_T_C,44,2
chr8_GTTTT_G,1,2
chr8_T_TGGC,1,2
chr8_T_G,21,12
chr8_T_C,40,3
chr8_CAG_C,1,2
chr8_A_T,7,2
chr8_G_T,31,3
chr8_TAA_T,27,2
chr8_T_A,27,2
chr8_T_C,0,2
chr8_T_TTTTATTACATAAAAAA,38,2
chr8_A_G,37,2
chr8_CTTTT_C,40,42
chr8_G_A,2,2
chr8_G_A,0,2
chr8_C_T,2,4
chr8_G_GAAGGGA,17,2
chr8_T_G,69,34
chr8_A_G,2,3
chr8_C_T,5,3
chr8_T_TGCTTTCAATAGAAAGAG,162,3
chr8_G_T,0,2
chr8_A_T,45,2
chr8_GTA_G,399,12
chr8_A_T,2,2
chr8_T_C,1,4
chr8_G_A,0,2
chr8_A_G,3,3
chr8_C_T,3,2
chr8_C_CGTAATGGTGAGGA,905,3
chr8_A_T,16,2
chr8_G_A,16,2
chr8_T_C,13,2
chr8_A_G,5,2
chr8_T_A,2,2
chr8_CGTCT_C,60,7
chr8_T_G,29,2
chr8_T_C,4,3
chr8_T_G,62,32
chr8_G_A,2,3
chr8_T_A,65,3
chr8_A_ATACATAT,64,3
chr8_G_GTA,62,3
chr8_G_A,61,3
chr8_T_C,3,2
chr8_A_T,79,20
chr8_C_A,39,2
chr8_T_TA,116,9
chr8_T_C,4,2
chr8_T_A,0,2
chr8_T_C,81,3
chr8_TGGATTAAAGTAATCATATCCCG_T,19,2
chr8_G_T,0,2
chr8_T_C,143,112
chr8_T_C,5,2
chr8_A_C,128,52
chr8_A_T,42,2
chr8_G_T,384,24
chr8_G_A,161,6
chr8_C_A,173,3
chr8_A_AACTGAGAGCAACAGTGATTCCAATCAAAGG,35,2
chr8_A_C,9,2
chr8_T_A,0,4
chr8_CTA_C,85,9
chr8_ATCTC_A,3,3
chr8_C_T,3,4
chr8_C_T,12,4
chr8_C_T,21,2
chr8_C_G,50,3
chr8_C_T,2,2
chr8_A_G,1,2
chr8_C_T,245,65
chr8_A_T,3,3
chr8_T_C,0,3
chr8_GGAAGAGGAA_G,3,4
chr8_T_A,36,2
chr8_G_A,0,2
chr8_C_T,3,2
chr8_G_A,0,2
chr8_T_TACAC,103,3
chr8_A_G,44,2
chr8_G_A,38,2
chr8_G_A,30,2
chr8_G_A,27,2
chr8_A_G,1,4
chr8_AG_A,1,4
chr8_TGTGTG_T,1,4
chr8_C_CG,14,2
chr8_T_G,1,3
chr8_C_G,0,1
chr8_A_C,1,2
chr8_T_C,5,3
chr8_A_C,159,50
chr8_C_T,0,1
chr8_A_AAAAAC,0,4
chr8_A_C,166,71
chr8_T_C,1,3
chr8_G_A,0,2
chr8_T_A,4,2
chr8_A_C,1,2
chr8_A_G,3,2
chr8_CAT_C,27,2
chr8_G_GGA,4,3
chr8_G_A,1,4
chr8_GGAATCCACGGGTGC_G,3,5
chr9_G_A,65,6
chr9_C_T,69,9
chr9_C_T,1229,60
chr9_T_C,0,2
chr9_C_T,2,2
chr9_C_A,7,6
chr9_T_G,595,133
chr9_A_G,0,5
chr9_T_C,0,2
chr9_A_ACTT,10,8
chr9_G_A,12,12
chr9_C_T,4,2
chr9_A_T,13,2
chr9_A_G,43,2
chr9_T_C,3,7
chr9_T_C,2,8
chr9_A_C,10,6
chr9_A_G,0,1
chr9_TTTTG_T,7,2
chr9_C_A,3,4
chr9_GAGGA_G,0,2
chr9_CCCGACTG_C,79,4
chr9_CTA_C,56,6
chr9_T_G,26,2
chr9_T_G,167,49
chr9_CTG_C,84,8
chr9_G_A,3,2
chr9_C_A,0,2
chr9_G_A,0,2
chr9_CTT_C,1,2
chr9_G_C,2,2
chr9_T_G,86,3
chr9_T_C,83,3
chr9_TTGG_T,85,3
chr9_A_AGAC,0,2
chr9_G_A,5,2
chr9_C_A,4,3
chr9_C_T,19,17
chr9_C_CACAT,1,3
chr9_C_T,2,3
chr9_A_AGCTGT,4,2
chr9_T_TTGAC,3,2
chr9_A_G,11,2
chr9_C_G,2,2
chr9_T_C,2,3
chr9_T_A,121,27
chr9_GAAAA_G,88,33
chr9_T_C,40,33
chr9_A_C,0,1
chr9_C_A,4,2
chr9_T_TTTACTTACCCAGTCCCAGAGAGCAC,277,11
chr9_G_T,1,2
chr9_A_AATCTT,0,3
chr9_A_C,12,2
chr9_T_C,0,2
chr9_T_C,59,4
chr9_G_A,58,4
chr9_C_G,22,2
chr9_T_G,24,3
chr9_C_T,43,7
chr9_C_T,46,3
chr9_AGT_A,11,12
chr9_A_C,264,10
chr9_T_G,222,81
chr9_G_T,26,3
chr9_C_A,402,34
chr9_G_A,0,4
chr9_T_G,8,4
chr9_G_C,10,4
chr9_G_A,2,2
chr9_G_A,225,10
chr9_C_T,1,2
chr9_C_T,0,2
chr9_C_T,0,2
chr9_C_A,3,3
chr9_A_G,13,5
chr9_C_T,3,4
chr9_G_A,88,3
chr9_A_C,172,5
chr9_C_A,180,5
chr9_A_G,184,5
chr9_A_G,39,8
chr9_G_C,4,2
chr9_C_A,3,2
chr9_A_T,1202,41
chr9_CA_C,13,3
chr9_G_GCT,13,3
chr9_A_ACGAGGCTAACAAGGC,13,3
chr9_G_A,301,29
chr9_A_G,219,54
chr9_G_A,2,2
chr9_T_G,1,3
chr9_G_A,3,2
chr9_C_T,17,21
chr9_G_A,146,17
chr9_T_A,162,14
chr9_G_A,179,7
chr9_T_G,13,2
chr9_A_T,13,2
chr9_A_G,3,4
chr9_A_C,5,4
chr9_T_TA,7,4
chr9_T_C,14,5
chr9_T_A,14,3
chr9_A_C,23,2
chr9_C_T,25,2
chr9_G_T,8,2
chr9_C_T,10,2
chr9_A_T,8,2
chr9_G_A,2,1
chr9_T_C,5,2
chr9_A_T,5,3
chr9_A_G,5,3
chr9_G_A,6,2
chr9_G_A,3,5
chr9_C_G,6,2
chr9_A_G,5,3
chr9_G_A,11,2
chr9_A_G,12,2
chr9_C_T,5,5
chr9_AT_A,0,2
chr9_A_G,3,3
chr9_A_G,0,6
chr9_G_A,3,2
chr9_C_T,41,5
chr9_A_G,309,9
chr9_G_C,331,9
chr9_A_AT,184,25
chr9_T_C,76,4
chr9_C_T,77,4
chr9_G_T,1,4
chr9_A_G,3,2
chr9_G_A,1,2
chr9_C_T,288,18
chr9_A_G,5,3
chr9_C_T,8,3
chr9_A_C,6,3
chr9_G_C,3,3
chr9_T_C,3,2
chr9_G_GT,5,4
chr9_C_G,2,2
chr9_T_C,9,2
chr9_C_T,1,2
chr9_A_G,1,2
chr9_C_T,2,3
chr9_G_A,3,2
chr9_C_T,3,2
chr9_A_G,196,11
chr9_G_T,143,17
chr9_C_G,4,2
chr9_T_C,3,2
chr9_A_G,3,2
chr9_T_C,7,3
chr9_G_A,10,2
chr9_A_T,14,3
chr9_C_T,6,2
chr9_A_C,6,2
chr9_C_T,14,2
chr9_T_C,16,4
chr9_G_A,16,4
chr9_C_T,11,3
chr9_G_C,15,2
chr9_G_C,15,2
chr9_C_T,13,6
chr9_T_C,9,2
chr9_A_G,4,3
chr9_A_T,10,2
chr9_G_GTGTA,7,4
chr9_G_T,10,3
chr9_G_A,3,2
chr9_C_A,3,2
chr9_A_T,3,2
chr9_A_G,83,5
chr9_AT_A,235,10
chr9_A_G,11,2
chr9_T_C,10,2
chr9_A_G,289,24
chr9_T_C,429,25
chr9_T_G,433,27
chr9_C_T,443,25
chr9_GAT_G,45,3
chr9_A_G,4,3
chr9_A_G,78,13
chr9_T_G,250,10
chr9_G_A,266,9
chr9_C_T,241,9
chr9_T_C,233,6
chr9_G_T,231,6
chr9_TAA_T,40,4
chr9_A_G,34,8
chr9_G_A,24,3
chr9_A_G,229,7
chr9_A_G,1,2
chr9_G_A,22,3
chr9_C_CT,45,13
chr9_G_A,763,54
chr9_T_G,41,4
chr9_C_T,7,10
chr9_C_T,27,2
chr9_T_TTC,114,88
chr9_G_A,4,4
chr9_C_CT,10,2
chr9_G_C,0,2
chr9_G_A,309,104
chr9_C_A,264,76
chr9_GGTGT_G,6,2
chr9_C_T,1,2
chr9_GA_G,1,2
chr9_A_C,356,106
chr9_CATATATATATATAT_C,185,46
chr9_T_TAC,259,19
chr9_T_C,14,2
chr9_C_T,12,2
chr9_A_T,98,4
chr9_TTA_T,80,6
chr9_A_G,18,18
chr9_T_C,14,11
chr9_GTA_G,106,7
chr9_T_C,2,2
chr9_TG_T,35,17
chr9_T_G,270,92
chr9_A_G,2,2
chr9_T_G,0,3
chr9_T_C,17,2
chr9_GAAA_G,338,25
chr9_G_A,1,2
chr9_GTC_G,41,9
chr9_T_TG,345,27
chr9_C_T,1,2
chr9_G_GTTGTTT,39,2
chr9_A_T,35,2
chr9_G_A,281,27
chr9_C_A,11,2
chr9_G_C,0,3
chr9_T_C,20,15
chr9_A_G,2,3
chr9_C_A,5,4
chr9_T_G,5,18
chr9_C_T,3,4
chr9_T_G,67,34
chr9_G_T,69,19
chr9_A_G,163,5
chr9_C_A,30,2
chr9_T_TAAA,139,120
chr9_AT_A,1,2
chr9_A_G,0,2
chr9_T_G,54,29
chr9_A_G,559,169
chr9_A_T,16,25
chr9_T_C,2,3
chr9_C_T,2,2
chr9_C_T,1,2
chr9_A_C,60,39
chr9_C_T,180,26
chr9_G_A,3,2
chr9_CAA_C,55,30
chr9_C_T,155,7
chr9_C_T,4,2
chr9_A_G,29,3
chr9_A_C,1,2
chr9_CTTTCT_C,5,5
chr9_A_G,441,87
chr9_C_T,6,4
chr9_C_T,3,4
chr9_T_TCAATA,33,2
chr9_GACA_G,16,2
chr9_A_C,53,33
chr9_T_G,402,91
chr9_C_T,0,2
chr9_C_A,0,2
chr9_C_T,1,4
chr9_C_T,0,1
chr9_G_A,1,4
chr9_T_C,3,2
chr9_C_G,2,2
chr9_T_G,1,3
chr9_C_G,0,2
chr9_G_T,0,2
chr9_T_C,19,2
chr9_T_G,18,2
chr9_C_T,17,2
chr9_A_T,2,2
chr9_A_T,0,1
chr9_C_T,111,6
chr9_T_C,112,5
chr9_T_A,28,2
chr9_C_A,28,2
chr9_G_T,0,2
chr9_G_T,1,2
chr9_T_A,1,2
chr9_T_G,11,9
chr9_A_G,3,2
chr9_T_TTTTG,1,2
chr9_C_A,0,2
chr9_T_C,1,4
chr9_G_A,1,2
chr9_A_ATCTCAG,20,2
chr9_C_CTCT,20,2
chr9_A_G,32,2
chr9_C_T,2,2
chr9_C_A,40,2
chr10_C_A,10,2
chr10_T_C,3,2
chr10_A_G,2,2
chr10_A_G,0,2
chr10_C_T,3,2
chr10_C_T,196,190
chr10_A_T,2,2
chr10_G_GTTTTTTT,73,39
chr10_A_ATTTCTTAGTTACTCCGG,445,16
chr10_GCA_G,19,2
chr10_A_G,20,2
chr10_ACTTT_A,1,3
chr10_T_C,0,2
chr10_G_A,3,2
chr10_ACT_A,0,2
chr10_T_C,2,2
chr10_T_A,1,2
chr10_G_A,1,2
chr10_A_G,3,3
chr10_A_G,2,3
chr10_A_C,2,3
chr10_A_G,43,3
chr10_T_G,38,3
chr10_A_AGTG,33,3
chr10_A_G,32,3
chr10_TTTG_T,43,3
chr10_C_T,7,3
chr10_T_G,24,4
chr10_G_GCACACACA,151,23
chr10_CA_C,12,2
chr10_C_G,8,2
chr10_TA_T,3,2
chr10_A_C,193,25
chr10_T_TCTTAGA,51,3
chr10_C_A,0,2
chr10_C_G,1,3
chr10_A_C,11,10
chr10_A_C,47,2
chr10_C_T,23,3
chr10_A_AC,3,3
chr10_T_A,1,2
chr10_T_A,38,2
chr10_C_CCTAAG,10,2
chr10_G_GAGT,9,2
chr10_C_CAGTGGTGCAATCA,9,2
chr10_T_G,92,39
chr10_AAT_A,0,2
chr10_C_A,3,3
chr10_T_TG,346,30
chr10_T_TG,207,19
chr10_AAGGG_A,3,2
chr10_G_T,18,3
chr10_G_GCT,6,10
chr10_G_T,6,11
chr10_A_G,112,4
chr10_T_TGTTGTCA,113,4
chr10_T_G,285,80
chr10_C_G,7,2
chr10_T_TA,41,2
chr10_C_A,40,2
chr10_CA_C,39,2
chr10_A_T,33,2
chr10_TACACAC_T,265,21
chr10_T_G,0,1
chr10_TA_T,12,11
chr10_GTCTA_G,0,2
chr10_GGT_G,149,9
chr10_GCA_G,159,11
chr10_T_C,54,14
chr10_T_C,120,19
chr10_C_T,123,19
chr10_C_T,496,23
chr10_TGAA_T,112,7
chr10_C_G,427,33
chr10_G_A,372,56
chr10_T_C,390,23
chr10_A_T,83,6
chr10_A_C,80,6
chr10_A_C,112,6
chr10_C_A,162,5
chr10_A_T,159,5
chr10_T_A,158,5
chr10_A_T,45,3
chr10_G_A,9,2
chr10_AAG_A,25,2
chr10_A_G,29,2
chr10_T_C,7,2
chr10_A_G,69,3
chr10_A_G,71,4
chr10_C_T,82,6
chr10_A_G,0,2
chr10_C_A,22,2
chr10_G_C,21,2
chr10_C_T,65,6
chr10_A_G,511,16
chr10_CAA_C,15,2
chr10_T_C,1,2
chr10_G_C,3,2
chr10_CCT_C,351,45
chr10_GTC_G,400,29
chr10_T_C,52,4
chr10_G_A,52,4
chr10_T_C,91,5
chr10_C_T,1,2
chr10_G_A,5,4
chr10_TTGGA_T,18,2
chr10_A_T,5,2
chr10_T_C,3,2
chr10_AG_A,538,33
chr10_T_C,266,14
chr10_C_A,323,11
chr10_C_CT,1,11
chr10_CGT_C,60,4
chr10_TG_T,34,27
chr10_CAT_C,0,1
chr10_T_G,417,86
chr10_G_A,2,6
chr10_A_G,9,2
chr10_T_C,1,2
chr10_A_G,0,4
chr10_TTC_T,1,2
chr10_C_A,5,2
chr10_G_T,29,3
chr10_G_A,1,3
chr10_AACAC_A,89,4
chr10_T_G,325,73
chr10_A_C,30,18
chr10_T_G,178,67
chr10_T_A,2,3
chr10_T_A,110,4
chr10_G_A,108,4
chr10_G_T,102,4
chr10_G_C,97,4
chr10_C_A,97,2
chr10_T_TG,364,23
chr10_T_G,14,12
chr10_G_A,0,2
chr10_ATG_A,2,2
chr10_C_T,2,2
chr10_G_T,0,2
chr10_GT_G,0,4
chr10_G_T,9,8
chr10_T_C,22,2
chr10_A_T,44,2
chr10_T_TTC,1,2
chr10_T_A,1,2
chr10_A_T,1,2
chr10_A_T,1,2
chr10_C_T,1,2
chr10_T_C,32,2
chr10_CAT_C,0,2
chr10_T_C,41,2
chr10_CAG_C,203,8
chr10_C_T,3,3
chr10_T_C,2,7
chr10_T_C,2,7
chr10_T_C,2,7
chr10_T_C,2,5
chr10_T_C,2,4
chr10_A_C,1,2
chr10_T_C,11,2
chr10_A_C,11,2
chr10_GCCTTTTTCA_G,21,2
chr10_C_CT,7,2
chr10_G_T,7,2
chr10_C_CTTCCTCT,7,2
chr10_CATAT_C,348,6
chr10_C_G,1,3
chr10_AAT_A,86,14
chr10_G_C,3,3
chr10_C_CCTTTTTAAGCAGTTCAATCGCTTTGTCTGGCTCATCTT,90,5
chr10_C_CTGGTTTATT,7,3
chr10_G_T,7,2
chr10_C_T,1,2
chr10_G_GATA,33,3
chr10_G_GCTAAGGA,33,2
chr10_G_A,43,2
chr10_G_A,17,17
chr10_C_CCCTTCT,0,2
chr10_T_A,32,2
chr10_A_C,271,69
chr10_A_T,14,10
chr10_T_TGTGTACTGTAATTTCTTCTAAACCTTTAATTATC,55,4
chr10_C_G,1,2
chr10_C_A,199,28
chr10_GAC_G,242,16
chr10_C_A,47,3
chr10_T_G,7,2
chr10_CCA_C,620,26
chr10_T_A,18,21
chr10_C_A,24,2
chr10_A_G,3,2
chr10_G_T,2,2
chr10_G_A,21,3
chr10_G_A,47,2
chr10_T_G,29,15
chr10_C_A,36,2
chr10_C_T,1,2
chr10_T_TG,130,14
chr10_AGT_A,131,3
chr10_G_A,24,2
chr10_A_G,4,3
chr10_G_A,40,2
chr10_CAGAGAG_C,450,37
chr10_C_T,40,2
chr10_ATGTGTG_A,1,4
chr10_T_C,1,4
chr10_T_C,31,2
chr10_G_A,1,2
chr10_G_A,1,3
chr10_G_A,0,2
chr10_C_CTTCTTTCTTTCTTTCT,4,4
chr10_A_G,0,1
chr10_AT_A,0,3
chr10_G_A,0,3
chr10_A_C,1,2
chr10_AG_A,22,2
chr10_G_A,21,2
chr10_A_T,130,3
chr10_C_CTTTTTTTTTTT,15,12
chr10_T_C,4,5
chr10_ATG_A,84,6
chr10_T_G,375,138
chr10_C_A,9,2
chr10_A_AGG,6,2
chr10_G_T,36,22
chr10_C_G,47,2
chr10_G_GC,672,38
chr10_CTT_C,184,28
chr10_GCA_G,93,10
chr10_TC_T,4,4
chr10_CATCTATCTATCT_C,0,5
chr10_A_C,66,3
chr10_C_A,67,3
chr10_C_A,60,2
chr10_A_G,61,2
chr10_C_A,11,2
chr10_A_G,2,2
chr10_TG_T,5,2
chr10_C_CCAT,289,11
chr10_G_A,272,10
chr10_C_CTTAAAAAAACAAAAAA,272,10
chr10_G_A,27,2
chr10_C_A,18,2
chr10_G_A,20,2
chr10_T_C,44,2
chr10_C_T,1,3
chr10_C_CACTAGTAAGTCA,43,2
chr10_G_A,0,2
chr10_G_A,0,2
chr10_T_C,1,2
chr10_GACAC_G,4,2
chr10_C_G,0,2
chr10_G_T,0,2
chr10_A_G,0,2
chr10_T_C,0,2
chr10_G_A,0,2
chr10_C_CATATAT,2,2
chr10_C_A,45,5
chr10_C_T,79,4
chr10_G_A,112,6
chr11_C_T,2,2
chr11_G_A,2,2
chr11_A_G,1,4
chr11_C_CT,2,3
chr11_A_C,224,12
chr11_A_T,228,13
chr11_G_A,140,6
chr11_C_T,144,6
chr11_A_G,144,6
chr11_G_T,124,6
chr11_T_G,146,6
chr11_G_C,130,5
chr11_G_T,148,5
chr11_G_A,148,5
chr11_T_A,186,8
chr11_G_A,188,4
chr11_C_T,90,3
chr11_A_T,51,14
chr11_G_A,42,3
chr11_A_AGTGTGTGT,8,7
chr11_T_C,1,3
chr11_G_A,104,28
chr11_A_G,1,3
chr11_A_ATTT,20,1
chr11_G_T,20,2
chr11_GAGACCAGGC_G,21,2
chr11_T_C,19,2
chr11_CTGCCAATGACTG_C,21,1
chr11_T_TACACAC,50,15
chr11_A_T,3,3
chr11_A_C,3,3
chr11_A_G,1,2
chr11_T_C,2,2
chr11_C_G,3,4
chr11_GA_G,43,2
chr11_C_A,44,2
chr11_CAG_C,5,4
chr11_G_A,4,3
chr11_T_C,9,3
chr11_T_C,8,2
chr11_A_AATAT,70,4
chr11_G_A,30,3
chr11_C_T,24,2
chr11_G_A,20,2
chr11_C_T,4,15
chr11_G_A,128,7
chr11_A_G,3,2
chr11_C_T,1,3
chr11_A_T,34,3
chr11_C_G,1,2
chr11_G_T,1,2
chr11_T_C,2,2
chr11_A_C,1,2
chr11_GCA_G,954,48
chr11_C_A,1,2
chr11_T_C,4,6
chr11_C_CCT,0,3
chr11_C_T,9,15
chr11_C_G,0,2
chr11_C_A,1,3
chr11_CTA_C,1,5
chr11_G_A,15,19
chr11_TTTTA_T,53,3
chr11_CAAAAAAA_C,70,41
chr11_G_T,10,3
chr11_A_C,6,6
chr11_A_T,41,2
chr11_T_C,4,4
chr11_G_A,42,2
chr11_G_T,348,21
chr11_CTACAA_C,42,2
chr11_C_A,40,2
chr11_T_C,565,191
chr11_C_T,0,1
chr11_T_C,10,2
chr11_G_A,9,2
chr11_T_C,100,20
chr11_C_CGCCGTA,97,18
chr11_G_T,99,12
chr11_AC_A,104,11
chr11_AGGATG_A,107,11
chr11_G_GTTTTTGTT,2,3
chr11_A_ATT,2,3
chr11_G_T,2,3
chr11_CCTT_C,3,3
chr11_G_A,0,2
chr11_T_C,1,2
chr11_GAA_G,2,9
chr11_T_A,8,3
chr11_A_C,29,25
chr11_T_G,153,31
chr11_C_T,1,2
chr11_C_T,4,4
chr11_G_A,0,1
chr11_C_T,181,6
chr11_G_GTTCTTTGA,163,6
chr11_G_A,90,3
chr11_TAC_T,42,9
chr11_T_TTATAGAG,122,6
chr11_C_CTGGTAGTTTTGATGAGGAGT,123,4
chr11_G_T,16,2
chr11_A_C,66,19
chr11_T_C,12,13
chr11_A_C,82,17
chr11_G_T,55,15
chr11_A_T,14,2
chr11_AAAAT_A,94,4
chr11_G_C,2,2
chr11_C_CG,308,14
chr11_C_T,0,1
chr11_A_T,0,1
chr11_C_T,11,2
chr11_T_TA,11,2
chr11_A_G,80,3
chr11_G_A,30,2
chr11_G_A,0,2
chr11_AG_A,1,3
chr11_C_A,9,11
chr11_CGT_C,213,19
chr11_T_C,1,2
chr11_C_T,4,2
chr11_T_G,6,8
chr11_C_T,0,4
chr11_C_T,14,2
chr11_G_A,0,3
chr11_T_TG,406,29
chr11_C_T,0,1
chr11_A_C,34,2
chr11_GAA_G,0,3
chr11_C_T,0,1
chr11_A_G,0,1
chr11_G_T,116,4
chr11_C_A,7,2
chr11_C_A,0,1
chr11_A_G,10,2
chr11_A_ACTATAGATT,39,2
chr11_T_C,2,3
chr11_C_CAAAA,30,2
chr11_C_A,29,2
chr11_A_G,0,2
chr11_T_A,18,2
chr11_GT_G,50,4
chr11_T_TC,50,3
chr11_AGTGCAGTGGCGCGATCTCGGC_A,20,2
chr11_T_A,7,2
chr11_G_C,6,2
chr11_G_A,0,2
chr11_A_G,0,1
chr11_C_CATT,0,2
chr11_T_TCTC,0,2
chr11_A_AG,94,19
chr11_A_AAT,36,23
chr11_T_C,1,2
chr11_C_T,0,4
chr11_A_G,2,4
chr11_T_TAATTTAAATGAA,34,3
chr11_A_G,18,13
chr11_T_G,180,37
chr11_CGTGT_C,50,17
chr11_A_G,1,3
chr11_A_G,3,2
chr11_T_G,3,2
chr11_AT_A,11,10
chr11_T_G,44,67
chr11_A_C,2,2
chr11_A_C,78,95
chr11_AC_A,14,8
chr11_G_A,22,2
chr11_A_AGTTGAGACAGG,20,2
chr11_C_T,0,3
chr11_GCA_G,3,2
chr11_G_A,3,2
chr11_C_G,1,2
chr11_C_A,1,2
chr11_C_T,1,2
chr11_G_C,2,2
chr11_T_G,22,2
chr11_G_A,63,2
chr11_C_T,0,4
chr11_G_A,0,4
chr11_G_A,1,3
chr11_T_C,0,2
chr11_T_TTTCCTTCC,0,2
chr11_T_C,3,2
chr11_T_A,11,2
chr11_G_A,12,2
chr11_A_T,113,2
chr11_A_G,4,3
chr11_C_T,6,8
chr11_A_C,270,85
chr11_T_A,36,4
chr11_T_G,21,32
chr11_T_A,1,2
chr11_T_TACACAC,15,5
chr11_A_C,594,96
chr11_G_T,36,2
chr11_C_T,4,3
chr11_C_G,0,4
chr11_G_A,1,4
chr11_A_T,2,2
chr11_G_A,31,2
chr11_G_A,0,2
chr11_G_A,0,2
chr11_ATATT_A,91,3
chr11_G_A,6,3
chr11_AAAAT_A,7,2
chr11_G_A,8,4
chr11_GA_G,2,2
chr11_A_G,3,2
chr11_G_A,0,1
chr11_C_T,0,1
chr11_T_C,0,1
chr11_G_C,0,1
chr11_G_A,19,2
chr11_G_T,0,2
chr11_G_C,47,3
chr11_T_C,49,3
chr11_G_C,43,2
chr11_CTG_C,43,5
chr11_C_A,12,2
chr11_G_A,26,2
chr11_C_T,3,2
chr11_GGT_G,126,11
chr11_C_A,1,2
chr11_G_T,103,19
chr11_T_G,11,2
chr11_TAC_T,6,3
chr11_C_A,4,4
chr11_C_A,173,19
chr11_A_T,43,2
chr11_C_T,33,2
chr11_C_A,2,2
chr11_T_C,144,7
chr11_TCTC_T,2,3
chr11_C_T,1035,44
chr11_A_G,0,3
chr11_T_C,8,17
chr11_T_TA,114,9
chr11_C_CTTTCTT,2,3
chr11_C_T,37,2
chr11_ATATT_A,1,2
chr11_AT_A,2,3
chr11_T_G,1,3
chr11_G_A,0,4
chr11_T_TACACACAC,346,57
chr12_T_C,7,2
chr12_A_C,79,193
chr12_T_G,279,45
chr12_AT_A,76,2
chr12_GTCCT_G,2,2
chr12_C_G,2,2
chr12_A_C,426,196
chr12_A_G,0,2
chr12_G_GAC,11,7
chr12_G_GA,11,7
chr12_C_G,10,7
chr12_A_AAGG,10,7
chr12_A_G,5,6
chr12_C_T,2,2
chr12_A_C,0,3
chr12_GT_G,91,3
chr12_T_TG,81,3
chr12_G_C,74,3
chr12_G_GATAACATA,70,3
chr12_A_AG,2,2
chr12_T_C,30,2
chr12_T_G,26,3
chr12_C_T,0,2
chr12_T_A,0,3
chr12_C_T,5,6
chr12_G_C,210,4
chr12_A_C,70,28
chr12_C_T,33,2
chr12_T_G,1,2
chr12_T_C,1017,62
chr12_G_A,1109,27
chr12_A_G,1096,22
chr12_A_G,1101,20
chr12_A_G,436,13
chr12_G_T,433,10
chr12_C_CAAT,349,2
chr12_C_T,380,39
chr12_A_T,381,35
chr12_C_G,391,27
chr12_C_G,355,12
chr12_A_T,346,17
chr12_C_A,158,14
chr12_T_C,154,13
chr12_G_T,149,12
chr12_T_C,904,55
chr12_A_G,899,43
chr12_A_G,1261,53
chr12_T_C,1250,51
chr12_T_A,1255,49
chr12_T_G,1188,40
chr12_G_T,748,20
chr12_G_A,732,23
chr12_C_A,81,10
chr12_G_A,0,1
chr12_T_TCCTTAAGA,26,3
chr12_G_T,0,2
chr12_T_G,16,7
chr12_TAA_T,11,10
chr12_C_T,6,3
chr12_G_T,22,2
chr12_TCTGCCTAG_T,23,2
chr12_A_T,21,2
chr12_A_T,18,2
chr12_A_T,110,9
chr12_T_A,12,2
chr12_A_C,200,88
chr12_C_A,47,2
chr12_T_G,169,42
chr12_A_T,44,3
chr12_A_G,1,2
chr12_AGT_A,121,7
chr12_T_A,177,50
chr12_T_A,0,2
chr12_G_T,0,2
chr12_T_TAA,27,3
chr12_C_CTTTTTAA,24,3
chr12_G_A,23,2
chr12_G_C,2,2
chr12_T_C,12,2
chr12_C_T,1,2
chr12_AACACACAC_A,107,10
chr12_CTG_C,213,15
chr12_T_C,7,7
chr12_T_C,0,2
chr12_T_A,203,108
chr12_A_T,101,4
chr12_A_C,102,4
chr12_G_A,2,2
chr12_T_A,47,2
chr12_A_C,127,32
chr12_CACAT_C,17,4
chr12_T_A,0,2
chr12_A_C,19,89
chr12_G_T,17,2
chr12_A_C,2,2
chr12_G_A,32,2
chr12_G_C,36,2
chr12_T_A,42,2
chr12_G_T,0,2
chr12_C_A,17,2
chr12_A_G,0,1
chr12_A_G,0,1
chr12_C_T,32,2
chr12_T_A,38,2
chr12_G_GAAC,38,2
chr12_G_A,0,2
chr12_A_C,79,24
chr12_G_GC,60,9
chr12_G_T,39,2
chr12_G_GC,29,2
chr12_G_A,32,2
chr12_T_G,40,9
chr12_C_T,109,37
chr12_C_A,88,6
chr12_T_A,0,2
chr12_A_C,42,23
chr12_C_CAAATAAAACTAGATATACA,29,2
chr12_C_T,31,2
chr12_ATG_A,9,2
chr12_C_CTACATTTGCAGCCCATTTTTGTTTCAGTGCCTA,386,14
chr12_C_CTTCATA,34,5
chr12_T_G,323,89
chr12_C_A,24,2
chr12_G_A,3,3
chr12_C_T,11,2
chr12_C_T,1,3
chr12_C_T,1,3
chr12_G_T,69,18
chr12_CTT_C,43,32
chr12_A_T,9,2
chr12_G_A,40,2
chr12_T_G,49,22
chr12_TTC_T,95,13
chr12_A_T,23,2
chr12_C_CTG,23,2
chr12_A_AC,22,1
chr12_T_TG,80,15
chr12_A_T,4,4
chr12_A_G,2,5
chr12_ACCTTCT_A,5,6
chr12_T_C,2,2
chr12_GAT_G,86,4
chr12_G_A,3,2
chr12_A_C,44,13
chr12_G_A,0,2
chr12_T_TGGAA,14,5
chr12_G_A,503,59
chr12_G_A,28,2
chr12_G_C,4,3
chr12_G_A,0,2
chr12_C_T,2,2
chr12_C_G,0,2
chr12_T_TG,573,35
chr12_GTA_G,26,3
chr12_A_G,1,2
chr12_A_G,15,14
chr12_A_C,92,26
chr12_T_TCTATTG,88,3
chr12_T_TCTGATCTTTACATTGTATATGTTTACTTCTTA,337,6
chr12_A_T,270,13
chr12_G_A,266,15
chr12_T_TC,267,22
chr12_C_T,7,15
chr12_C_A,11,2
chr12_A_G,83,4
chr12_G_A,33,2
chr12_T_G,133,48
chr12_A_C,24,2
chr12_T_A,8,10
chr12_CCTTT_C,2,2
chr12_A_G,9,5
chr12_C_T,0,1
chr12_C_T,0,1
chr12_C_A,296,40
chr12_G_A,0,1
chr12_A_C,1,2
chr12_A_G,1,2
chr12_A_AC,6,12
chr12_C_A,27,4
chr12_TTG_T,83,9
chr12_TG_T,96,3
chr12_A_G,88,2
chr12_T_C,6,3
chr12_GTTTTTTTTTT_G,183,27
chr12_A_G,0,2
chr12_T_G,2,2
chr12_C_A,38,2
chr12_T_G,302,82
chr12_C_A,1,2
chr12_CAAAAA_C,4,13
chr12_GGA_G,17,2
chr12_T_G,13,3
chr12_T_A,113,22
chr12_C_A,0,2
chr12_G_A,13,17
chr12_A_AAAAC,71,4
chr12_A_AG,1,2
chr12_C_A,0,2
chr12_C_T,1,2
chr12_T_C,2,2
chr12_C_A,6,5
chr12_GTA_G,8,2
chr12_A_T,9,6
chr12_A_C,0,2
chr12_C_A,2,2
chr12_T_A,31,4
chr12_C_T,2,2
chr12_A_AAAAGAAAG,1,3
chr12_T_C,0,3
chr12_G_A,58,3
chr12_C_CCCAGGATTTCCT,58,3
chr12_CGT_C,87,6
chr12_TTTAAA_T,12,13
chr12_A_G,1,2
chr12_T_G,222,78
chr12_C_A,0,2
chr12_C_T,2,3
chr12_A_T,18,2
chr12_C_A,9,2
chr12_G_GTTT,11,3
chr12_A_T,9,2
chr12_A_C,7,2
chr12_C_A,85,7
chr12_A_ACATTAGAAATGATACTTAATTC,107,4
chr12_C_A,18,2
chr12_A_C,80,79
chr12_A_T,36,2
chr12_C_T,21,27
chr12_G_A,0,1
chr12_G_A,2,2
chr12_A_G,0,2
chr12_G_A,0,2
chr12_C_T,0,2
chr12_G_C,24,2
chr12_C_A,25,2
chr12_T_C,2,2
chr12_G_A,1,4
chr12_C_T,2,3
chr12_A_AGCTAATCTTTAACTTAGGCTCTGGCT,304,9
chr12_AGCCAGAAGTTCTTTCTTT_A,3,2
chr12_C_CA,2,3
chr12_C_T,38,4
chr12_G_T,42,2
chr12_G_GAA,242,186
chr12_T_C,12,7
chr12_A_C,12,7
chr12_T_A,67,26
chr12_CTT_C,48,7
chr12_G_A,0,2
chr12_CTT_C,8,2
chr12_G_GGA,16,8
chr12_C_A,17,7
chr12_TCC_T,19,7
chr12_C_CGCAGCG,21,6
chr12_C_CTTCCTTTCCATTCGCTGT,21,6
chr12_T_TG,1016,71
chr12_A_AT,668,12
chr12_C_A,347,29
chr12_G_A,0,2
chr12_C_T,2,2
chr12_A_G,2,2
chr12_C_T,18,2
chr12_G_C,26,2
chr12_G_A,2,3
chr12_A_T,2,3
chr12_CCT_C,8,2
chr13_C_A,0,2
chr13_A_C,0,2
chr13_T_C,0,2
chr13_G_C,4,2
chr13_C_T,2,2
chr13_T_C,11,3
chr13_G_A,10,2
chr13_T_C,69,9
chr13_T_C,74,3
chr13_A_T,79,9
chr13_A_G,85,3
chr13_T_A,86,3
chr13_A_T,23,5
chr13_G_T,213,24
chr13_CCTT_C,96,3
chr13_A_C,33,3
chr13_T_G,173,16
chr13_A_G,201,10
chr13_T_G,175,9
chr13_G_A,272,8
chr13_A_T,24,6
chr13_C_A,24,6
chr13_C_T,26,10
chr13_A_G,28,7
chr13_A_C,619,23
chr13_A_T,45,3
chr13_C_A,44,3
chr13_G_A,39,2
chr13_C_T,30,2
chr13_C_T,23,2
chr13_C_A,1,2
chr13_C_T,2,1
chr13_T_C,1,3
chr13_C_G,2,2
chr13_G_A,2,2
chr13_T_C,0,2
chr13_G_A,57,5
chr13_T_A,381,29
chr13_G_T,453,19
chr13_G_T,473,19
chr13_C_G,479,19
chr13_G_A,478,19
chr13_C_A,480,19
chr13_G_C,59,3
chr13_T_C,59,3
chr13_A_C,141,63
chr13_C_T,0,2
chr13_C_A,1,3
chr13_T_TTCTCTGAAATCAACGTAG,323,272
chr13_A_T,21,4
chr13_A_T,22,4
chr13_G_A,15,2
chr13_C_CGTGTAAT,12,2
chr13_A_T,15,3
chr13_G_C,11,12
chr13_TTGTGTG_T,65,14
chr13_G_A,9,2
chr13_G_A,121,4
chr13_C_T,2,4
chr13_A_G,30,12
chr13_G_A,3,5
chr13_C_T,3,4
chr13_G_A,47,2
chr13_C_G,20,15
chr13_T_G,180,55
chr13_A_G,175,28
chr13_A_G,0,2
chr13_C_G,0,2
chr13_G_T,8,7
chr13_T_C,24,3
chr13_C_CA,4,5
chr13_ATG_A,85,10
chr13_G_A,13,17
chr13_G_GTAAAC,63,3
chr13_T_A,1,2
chr13_ATG_A,126,8
chr13_G_A,3,5
chr13_C_G,24,2
chr13_A_T,1,3
chr13_G_A,3,2
chr13_GAAGA_G,0,1
chr13_A_C,9,10
chr13_T_C,11,2
chr13_C_T,0,2
chr13_T_TTTTATAGTCAAATTGAC,161,12
chr13_A_AC,12,4
chr13_T_TAATA,34,2
chr13_G_GCTC,39,4
chr13_T_TTGTCA,39,4
chr13_GA_G,13,2
chr13_T_C,14,2
chr13_GAA_G,11,3
chr13_C_T,17,2
chr13_C_A,33,3
chr13_T_C,36,2
chr13_A_G,3,2
chr13_G_A,2,2
chr13_GA_G,2,3
chr13_TTTTG_T,2,3
chr13_G_T,2,2
chr13_C_T,2,3
chr13_T_TG,3,4
chr13_T_G,1,5
chr13_A_C,1,3
chr13_A_AAC,1,3
chr13_C_A,61,19
chr13_T_G,146,64
chr13_G_A,0,2
chr13_C_T,6,8
chr13_A_AAC,191,161
chr13_T_G,209,40
chr13_T_TCTTC,11,4
chr13_A_G,2,4
chr13_C_CTTTTTTT,50,13
chr13_A_G,146,29
chr13_T_C,1,2
chr13_CAGAGAGAG_C,1,3
chr13_C_A,26,2
chr13_A_G,0,2
chr13_CTCCTTCCTTCCTTCCTTCCTTCCTTCCT_C,5,2
chr13_G_A,3,2
chr13_A_C,100,4
chr13_G_GT,100,4
chr13_A_C,101,4
chr13_A_T,96,3
chr13_G_A,3,2
chr13_TA_T,17,4
chr13_CAGAG_C,138,3
chr13_C_A,0,2
chr13_G_A,1,3
chr13_A_G,0,2
chr13_A_G,63,3
chr13_G_A,43,3
chr13_T_C,29,2
chr13_T_A,0,2
chr13_A_C,79,28
chr13_G_A,0,2
chr13_A_G,2,5
chr13_A_G,163,53
chr13_A_C,4,3
chr13_G_A,42,2
chr13_TCTTCTC_T,0,2
chr13_C_T,554,76
chr14_AAC_A,25,2
chr14_A_G,26,3
chr14_T_G,14,3
chr14_T_A,5,3
chr14_T_C,0,2
chr14_C_A,240,16
chr14_C_G,3,2
chr14_G_A,1,2
chr14_CTTTTT_C,141,75
chr14_G_A,11,2
chr14_T_A,11,2
chr14_G_A,2,2
chr14_G_T,6,3
chr14_A_G,1,2
chr14_A_C,90,35
chr14_A_C,105,12
chr14_A_C,92,12
chr14_T_G,74,8
chr14_G_GGTCGCCGTA,73,7
chr14_C_T,0,1
chr14_C_T,2,4
chr14_G_GACACACACACACA,287,15
chr14_C_T,9,10
chr14_GGA_G,60,4
chr14_C_G,94,5
chr14_T_C,98,6
chr14_G_T,27,2
chr14_A_G,16,2
chr14_C_CTCCA,5,4
chr14_GC_G,0,2
chr14_T_G,1,2
chr14_A_G,1,4
chr14_G_A,1,2
chr14_C_A,9,2
chr14_T_A,7,9
chr14_C_A,0,2
chr14_T_TTACCATAAGATTGTTCC,88,3
chr14_A_G,40,2
chr14_CAA_C,1,2
chr14_C_T,23,3
chr14_T_C,0,2
chr14_T_TG,102,15
chr14_G_A,276,29
chr14_G_A,8,5
chr14_T_G,17,14
chr14_A_G,30,5
chr14_A_C,82,39
chr14_G_C,1,3
chr14_C_A,19,2
chr14_G_T,9,2
chr14_T_C,2,2
chr14_G_T,1,2
chr14_T_TG,248,20
chr14_A_T,23,2
chr14_T_TC,403,66
chr14_G_T,476,45
chr14_C_CTTTCT,1,4
chr14_A_C,218,106
chr14_A_T,45,2
chr14_TTCTC_T,115,17
chr14_C_T,31,2
chr14_G_A,4,5
chr14_G_A,1,3
chr14_CAT_C,161,7
chr14_AATG_A,6,5
chr14_T_G,92,32
chr14_A_ATAT,1,6
chr14_T_TACTGGATGACC,76,5
chr14_TTTTC_T,3,2
chr14_G_A,3,2
chr14_C_T,3,2
chr14_T_C,2,2
chr14_C_CG,1279,74
chr14_G_A,19,2
chr14_GGT_G,56,4
chr14_G_C,30,3
chr14_T_TCATC,1,1
chr14_T_C,201,18
chr14_G_A,279,22
chr14_A_G,266,22
chr14_A_T,268,6
chr14_C_G,0,3
chr14_A_C,177,56
chr14_T_A,3,2
chr14_T_C,18,2
chr14_T_A,0,2
chr14_G_T,1,2
chr14_ATATCAAAGCACATTCCAAATCC_A,14,10
chr14_A_AAAT,18,10
chr14_CAT_C,8,6
chr14_T_G,193,24
chr14_C_A,4,4
chr14_T_C,0,1
chr14_TAG_T,1,2
chr14_A_G,3,3
chr14_C_A,1,2
chr14_G_A,1,3
chr14_A_C,19,17
chr14_C_CG,87,6
chr14_G_GT,88,6
chr14_G_GGTGGCACA,85,5
chr14_C_A,23,2
chr14_A_T,20,2
chr14_GCA_G,7,3
chr14_A_C,18,6
chr14_C_T,45,2
chr14_A_G,78,4
chr14_T_C,2,2
chr14_CTT_C,276,16
chr14_T_C,6,3
chr14_T_C,6,3
chr14_C_T,4,2
chr14_C_A,12,3
chr14_T_TCC,98,13
chr14_C_A,1,3
chr14_T_TCCTCCCTTCCTC,1,5
chr14_CAT_C,1,4
chr14_A_C,217,53
chr14_GGA_G,35,2
chr14_G_GTCAATACAT,34,2
chr14_A_C,43,18
chr14_G_A,1,2
chr14_C_T,0,3
chr14_TTG_T,6,3
chr14_GCTTCCTTCCTTC_G,3,3
chr14_T_A,17,3
chr14_A_AG,280,43
chr14_A_G,1,3
chr14_C_T,1,2
chr14_A_T,2,3
chr14_T_C,0,2
chr14_T_A,24,2
chr14_T_A,23,2
chr14_T_A,22,2
chr14_C_T,5,13
chr14_C_A,0,3
chr14_C_T,1,2
chr14_AAC_A,33,3
chr14_C_T,3,4
chr14_C_T,0,2
chr14_G_A,0,3
chr14_CAAA_C,164,163
chr14_T_TTAAAATGA,37,2
chr14_C_A,39,2
chr14_A_T,40,1
chr14_C_T,0,2
chr14_G_A,1,3
chr14_A_G,34,2
chr14_T_TACAACA,34,2
chr14_A_G,41,4
chr14_G_A,17,2
chr14_A_C,483,92
chr14_C_T,14,2
chr14_AGT_A,111,17
chr14_G_T,2,2
chr14_T_C,11,4
chr14_C_T,0,2
chr14_C_T,31,2
chr14_A_C,9,3
chr14_A_T,11,4
chr14_T_A,99,8
chr14_A_G,42,23
chr14_G_C,1,3
chr14_G_A,0,3
chr14_C_A,126,5
chr15_A_G,2,2
chr15_C_T,0,1
chr15_A_T,14,2
chr15_T_A,13,2
chr15_G_C,13,2
chr15_G_A,12,2
chr15_C_T,3,2
chr15_G_T,19,19
chr15_T_C,2,3
chr15_A_T,39,22
chr15_T_TGAAA,41,2
chr15_T_TGTATTGATAGG,41,2
chr15_TA_T,36,6
chr15_G_T,41,6
chr15_T_A,67,8
chr15_T_C,2,2
chr15_C_T,29,14
chr15_C_CATCA,20,2
chr15_C_T,22,2
chr15_GGA_G,15,3
chr15_G_T,15,3
chr15_T_TA,0,5
chr15_C_T,40,2
chr15_CTT_C,3,8
chr15_G_GGAAGGAAAGAAGGAAGGAAGGAAAGAAGGAAGGAAGGAAA,8,0
chr15_T_C,11,2
chr15_G_A,1,2
chr15_C_T,1,2
chr15_T_C,2,3
chr15_A_G,32,2
chr15_AAC_A,72,8
chr15_T_G,5,2
chr15_C_A,39,2
chr15_TGC_T,43,2
chr15_C_CATA,47,2
chr15_C_CCCCGA,47,2
chr15_A_C,44,23
chr15_C_A,1,2
chr15_T_TGACAC,8,3
chr15_G_T,29,4
chr15_A_G,768,112
chr15_GTATA_G,7,4
chr15_AGCAGAG_A,98,25
chr15_T_TG,608,38
chr15_CAA_C,555,30
chr15_A_C,24,3
chr15_T_A,22,3
chr15_C_A,142,22
chr15_GTC_G,101,8
chr15_A_G,0,2
chr15_C_T,37,2
chr15_G_T,149,22
chr15_G_T,5,3
chr15_A_T,90,2
chr15_C_T,110,4
chr15_T_TCTAG,112,4
chr15_C_A,115,5
chr15_CATTT_C,132,5
chr15_G_GAA,134,5
chr15_CGT_C,42,3
chr15_C_CT,22,3
chr15_C_A,22,3
chr15_A_G,21,3
chr15_C_A,10,2
chr15_T_G,359,175
chr15_T_C,443,89
chr15_AAAAACAAAAC_A,204,2
chr15_T_G,2,2
chr15_T_G,38,2
chr15_T_TGTTTG,1,2
chr15_T_G,1,2
chr15_T_TG,44,6
chr15_A_C,153,20
chr15_A_ACTTCTGTTTAT,64,5
chr15_G_A,62,2
chr15_CGT_C,192,13
chr15_T_TATCTAGAA,60,3
chr15_T_C,2,2
chr15_G_GGTCGCCGT,394,20
chr15_A_T,5,5
chr15_T_G,597,126
chr15_T_C,6,6
chr15_T_C,0,2
chr15_GAT_G,11,10
chr15_T_C,26,25
chr15_T_A,46,2
chr15_A_C,176,57
chr15_C_A,7,4
chr15_CTCT_C,10,7
chr15_TC_T,5,2
chr15_CT_C,5,2
chr15_TTC_T,5,2
chr15_CCTCT_C,4,2
chr15_C_CG,3,2
chr15_A_AGGTCTGTTTT,445,9
chr15_G_GAGGAAGGAAGGA,5,4
chr15_G_A,18,3
chr15_C_T,24,2
chr15_G_A,9,3
chr15_T_G,0,2
chr15_GTTT_G,68,3
chr15_CT_C,65,3
chr15_T_A,0,2
chr15_T_C,1,2
chr15_GAA_G,0,2
chr15_T_G,354,73
chr15_G_T,210,30
chr15_C_T,0,1
chr15_C_T,1,2
chr15_A_C,130,45
chr15_C_T,5,2
chr15_GGTA_G,1,2
chr15_C_A,33,6
chr15_C_CCT,8,17
chr15_A_ACTTGAT,89,4
chr15_CCCTT_C,4,2
chr15_G_T,0,2
chr15_A_C,3,2
chr15_A_G,37,2
chr15_A_T,37,2
chr15_GGAAA_G,2,3
chr15_AG_A,2,3
chr15_A_ATC,10,3
chr15_TGC_T,9,3
chr15_T_C,2,3
chr15_A_AAG,323,17
chr15_G_A,0,2
chr15_G_A,87,2
chr15_G_C,28,2
chr15_C_T,0,2
chr15_A_C,1,2
chr15_C_T,4,2
chr15_T_G,25,2
chr15_C_CTTTCACTCTCCTTTTGACCTTAG,47,2
chr15_CAAAGTCAGA_C,5,6
chr15_C_CCTTT,3,2
chr15_A_G,141,15
chr15_T_A,187,16
chr15_C_G,187,16
chr15_A_G,167,7
chr15_G_T,2,3
chr15_T_G,1,3
chr15_T_G,1,3
chr15_A_C,0,2
chr15_G_A,0,1
chr15_G_A,1,2
chr15_C_G,4,2
chr15_A_G,0,2
chr15_C_T,2,2
chr15_T_A,29,2
chr15_T_TACAAATAG,32,3
chr16_C_T,12,2
chr16_C_A,11,2
chr16_C_T,1,2
chr16_G_A,1,2
chr16_G_A,1,3
chr16_A_C,1,2
chr16_C_T,1,5
chr16_T_C,0,2
chr16_C_CAA,41,3
chr16_CCAT_C,41,3
chr16_T_G,37,3
chr16_TGCCTCCC_T,40,2
chr16_G_GGAAGGAAGGAAAGAAAGAAAGAAAGAAA,4,3
chr16_CTT_C,5,8
chr16_CTTTCTT_C,5,8
chr16_T_C,38,2
chr16_CCAA_C,88,4
chr16_C_T,4,3
chr16_C_G,5,2
chr16_T_G,18,13
chr16_TACCACACTA_T,26,2
chr16_ACT_A,25,4
chr16_ATAAAAT_A,1,3
chr16_C_G,6,6
chr16_C_T,2,2
chr16_AG_A,4,2
chr16_GGAA_G,4,2
chr16_AG_A,4,2
chr16_C_CAGGAAGGAAGGA,5,2
chr16_A_G,174,25
chr16_C_T,118,7
chr16_CTTT_C,20,10
chr16_C_T,3,2
chr16_G_T,52,13
chr16_G_A,4,2
chr16_CAGAAAGAAAGAA_C,2,6
chr16_T_G,40,13
chr16_T_C,79,6
chr16_C_T,0,2
chr16_G_A,2,2
chr16_A_T,91,3
chr16_G_A,10,4
chr16_G_GTCTC,11,7
chr16_A_AGG,11,7
chr16_T_TTACTATC,11,4
chr16_ATG_A,5,3
chr16_T_C,33,2
chr16_C_A,31,2
chr16_T_C,0,1
chr16_C_G,14,2
chr16_CAT_C,101,8
chr16_ATT_A,183,10
chr16_A_G,3,2
chr16_C_G,3,2
chr16_G_A,150,6
chr16_TTTCTTTCC_T,2,2
chr16_T_C,1,6
chr16_C_T,1,2
chr16_A_G,1,2
chr16_T_C,35,2
chr16_A_T,250,32
chr16_G_A,4,3
chr16_A_G,0,2
chr16_G_C,4,2
chr16_G_T,4,2
chr16_A_T,2,2
chr16_G_A,1,2
chr16_G_A,0,2
chr16_T_A,28,2
chr16_T_A,19,2
chr16_G_T,23,2
chr16_C_A,73,6
chr16_C_T,12,2
chr16_G_C,40,4
chr16_A_T,60,10
chr16_T_G,73,12
chr16_TAC_T,126,6
chr16_T_TAG,84,6
chr16_C_G,42,8
chr16_C_G,40,6
chr16_T_C,13,5
chr16_T_G,128,8
chr16_G_T,113,2
chr16_C_A,121,11
chr16_T_C,127,6
chr16_T_C,0,2
chr16_T_G,8,2
chr16_C_A,5,2
chr16_G_A,7,2
chr16_C_T,13,2
chr16_A_C,20,3
chr16_G_A,20,3
chr16_T_C,25,3
chr16_G_C,23,3
chr16_C_T,3,2
chr16_G_C,49,3
chr16_A_T,3,2
chr16_C_G,41,3
chr16_A_C,38,3
chr16_A_C,64,7
chr16_A_T,72,3
chr16_C_T,35,2
chr16_T_A,52,2
chr16_T_G,52,3
chr16_G_A,18,3
chr16_T_A,39,3
chr16_G_T,48,3
chr16_A_T,48,4
chr16_TG_T,6,2
chr16_G_A,6,2
chr16_C_G,5,2
chr16_G_A,59,3
chr16_C_G,41,4
chr16_C_G,16,2
chr16_C_T,37,2
chr16_A_C,36,2
chr16_T_C,19,3
chr16_G_C,54,3
chr16_G_C,51,6
chr16_C_A,40,3
chr16_C_T,14,4
chr16_A_C,15,2
chr16_C_A,15,3
chr16_G_C,18,2
chr16_C_A,12,4
chr16_T_G,12,2
chr16_C_A,16,2
chr16_C_T,10,2
chr16_C_T,39,2
chr16_C_T,34,2
chr16_G_A,79,3
chr16_A_G,71,5
chr16_C_G,21,2
chr16_A_G,16,2
chr16_G_A,70,3
chr16_C_T,33,4
chr16_T_C,31,4
chr16_G_A,31,4
chr16_CATCATCGAATGAGATCGAATGGA_C,42,3
chr16_T_A,39,3
chr16_A_T,39,3
chr16_C_T,15,2
chr16_G_T,37,2
chr16_G_T,37,2
chr16_A_C,38,3
chr16_A_T,23,2
chr16_G_A,14,3
chr16_G_C,14,3
chr16_C_G,15,3
chr16_T_C,15,2
chr16_G_A,18,3
chr16_T_A,46,2
chr16_C_A,56,3
chr16_G_C,60,4
chr16_G_T,59,4
chr16_C_T,52,16
chr16_GA_G,76,4
chr16_G_A,69,5
chr16_T_C,70,3
chr16_A_C,87,4
chr16_C_G,81,9
chr16_T_C,92,4
chr16_A_T,78,8
chr16_GA_G,61,4
chr16_G_GT,62,5
chr16_G_A,63,4
chr16_A_G,69,4
chr16_G_T,69,10
chr16_T_C,77,4
chr16_G_C,97,6
chr16_A_C,108,4
chr16_G_A,114,9
chr16_C_T,111,11
chr16_C_T,122,8
chr16_G_A,128,7
chr16_T_C,138,6
chr16_C_G,135,6
chr16_C_A,128,5
chr16_A_G,5,3
chr16_T_C,64,10
chr16_C_T,69,5
chr16_C_G,62,4
chr16_T_A,54,9
chr16_T_A,83,4
chr16_T_C,93,2
chr16_A_C,62,6
chr16_G_A,62,4
chr16_A_T,30,3
chr16_C_G,28,6
chr16_G_A,27,6
chr16_G_A,2,2
chr16_T_C,37,2
chr16_A_C,55,3
chr16_G_A,65,3
chr16_A_G,59,3
chr16_C_A,80,4
chr16_T_G,50,5
chr16_G_T,34,3
chr16_C_T,28,2
chr16_T_C,51,3
chr16_T_C,68,3
chr16_G_T,80,5
chr16_A_G,42,2
chr16_C_G,17,8
chr16_T_A,19,3
chr16_T_G,56,4
chr16_A_C,46,3
chr16_T_A,37,3
chr16_T_C,33,3
chr16_C_T,33,3
chr16_G_C,44,2
chr16_T_A,34,6
chr16_T_TCAAGTGGAATCATCATCGAAC,33,6
chr16_A_T,67,5
chr16_T_A,43,2
chr16_G_T,42,2
chr16_A_T,37,2
chr16_C_G,44,2
chr16_T_C,41,3
chr16_A_C,19,3
chr16_C_CGAAGATG,29,2
chr16_GAT_G,85,6
chr16_G_T,15,2
chr16_C_T,1,2
chr16_C_T,41,2
chr16_C_T,1,2
chr16_C_T,76,3
chr16_A_AAT,75,3
chr16_C_T,7,10
chr16_T_G,2,3
chr16_G_T,1,3
chr16_C_CAT,204,6
chr16_GCACAATCAC_G,50,4
chr16_A_G,35,3
chr16_T_TTAAGCA,5,2
chr16_A_G,1,2
chr16_A_C,94,36
chr16_C_G,0,2
chr16_G_T,0,3
chr16_C_G,2,2
chr16_G_A,2,2
chr16_C_T,5,8
chr16_T_C,3,3
chr16_T_TTCTC,1,2
chr16_A_G,16,2
chr16_A_G,0,1
chr16_T_A,20,2
chr16_T_G,1,2
chr16_G_GT,1,2
chr16_T_G,34,2
chr16_G_A,1,2
chr16_A_C,0,1
chr16_G_C,1,2
chr16_C_T,1,2
chr16_T_C,1,2
chr16_GA_G,6,5
chr16_GAGA_G,6,5
chr16_T_A,2,3
chr16_G_A,3,2
chr16_T_G,5,5
chr16_C_T,46,2
chr16_GTA_G,15,2
chr16_A_G,0,2
chr16_GGA_G,0,3
chr16_T_C,5,5
chr16_G_A,5,5
chr17_G_A,15,2
chr17_TTA_T,43,3
chr17_A_G,37,2
chr17_C_A,38,2
chr17_TCC_T,46,2
chr17_T_C,27,3
chr17_A_G,0,2
chr17_A_G,26,9
chr17_A_G,10,4
chr17_C_T,615,41
chr17_GGAA_G,4,2
chr17_ATG_A,83,7
chr17_C_A,45,3
chr17_A_AG,46,3
chr17_T_A,51,3
chr17_G_GAACAAA,55,3
chr17_GGGC_G,54,3
chr17_TC_T,53,3
chr17_TAG_T,57,3
chr17_TGCG_T,57,3
chr17_G_GGGATGCCCATA,60,3
chr17_TC_T,61,3
chr17_T_C,33,2
chr17_G_A,34,3
chr17_G_GC,13,3
chr17_T_C,1,2
chr17_C_A,7,2
chr17_C_T,4,2
chr17_ATG_A,33,3
chr17_G_T,254,27
chr17_CAT_C,19,5
chr17_T_G,18,2
chr17_A_C,116,62
chr17_T_C,1,2
chr17_C_A,2,3
chr17_C_T,0,2
chr17_C_T,1,2
chr17_A_G,670,16
chr17_A_T,305,26
chr17_A_G,15,2
chr17_A_G,0,2
chr17_A_T,202,12
chr17_A_T,15,3
chr17_C_A,2,4
chr17_G_A,1,2
chr17_A_C,1,3
chr17_CATAT_C,10,6
chr17_C_T,207,8
chr17_T_TGCCAAGCTTTGGTATCAGGATGATGC,20,2
chr17_G_GATGAGTGGACAGATGA,0,3
chr17_T_C,8,4
chr17_G_A,6,3
chr17_A_G,7,2
chr17_G_A,22,2
chr17_C_A,1,2
chr17_T_C,40,4
chr17_G_T,12,2
chr17_A_T,12,2
chr17_C_T,27,4
chr17_T_C,9,2
chr17_T_C,4,2
chr17_C_G,5,6
chr17_A_C,79,6
chr17_A_C,82,4
chr17_G_C,10,2
chr17_T_G,23,3
chr17_G_C,28,4
chr17_C_T,2,3
chr17_G_T,70,14
chr17_G_T,62,11
chr17_T_C,52,6
chr17_T_G,91,3
chr17_C_G,81,7
chr17_C_G,54,4
chr17_A_G,1,2
chr17_T_C,2,3
chr17_T_A,3,3
chr17_GAAT_G,8,4
chr17_T_C,12,5
chr17_T_G,11,5
chr17_C_CG,46,10
chr17_TA_T,47,10
chr17_T_G,52,8
chr17_T_G,52,8
chr17_G_A,2,2
chr17_A_AAGAAGGAGAAGGAGAAGG,7,4
chr17_A_C,4,11
chr17_T_C,50,18
chr17_C_T,9,2
chr17_A_C,70,80
chr17_T_G,409,83
chr17_G_GGGCC,42,1
chr17_C_T,44,2
chr17_G_A,47,2
chr17_A_G,2,3
chr17_A_ATTT,85,26
chr17_G_C,81,3
chr17_C_CAAGAGGAA,79,3
chr17_A_AAACACT,76,2
chr17_G_A,26,2
chr17_T_G,25,2
chr17_A_G,26,2
chr17_C_T,32,2
chr17_G_T,6,2
chr17_T_TG,197,11
chr17_C_T,0,2
chr17_C_A,3,2
chr17_T_G,210,53
chr17_G_GTGTGTGGTGGCTGT,15,1
chr17_A_AGTTTT,15,2
chr17_C_CCCTTTGTG,15,2
chr17_T_TGATAGG,14,2
chr17_TTA_T,51,4
chr17_G_A,22,2
chr17_T_TG,1,2
chr17_C_CT,15,3
chr17_C_A,16,2
chr17_G_GCAAC,132,2
chr17_T_TGGA,133,4
chr17_T_C,300,76
chr17_G_A,377,56
chr17_A_T,3,2
chr17_A_C,231,39
chr17_A_G,27,2
chr17_TTGTGTGTGTGTGTGTGTGTG_T,0,3
chr17_CCTTT_C,2,2
chr17_A_T,1,2
chr17_C_A,10,5
chr17_G_C,42,2
chr17_TCCTGGTG_T,42,1
chr17_C_T,16,21
chr17_GGTGT_G,3,2
chr17_T_A,5,2
chr17_G_A,36,2
chr17_G_T,38,9
chr17_A_G,32,2
chr17_G_T,30,2
chr17_T_A,30,2
chr17_T_C,32,2
chr17_C_T,32,2
chr17_G_T,6,2
chr17_A_G,79,17
chr17_C_A,117,20
chr17_C_A,116,18
chr17_T_C,98,17
chr17_C_T,42,6
chr17_A_G,34,2
chr17_G_T,34,2
chr17_G_A,8,2
chr17_G_A,1,2
chr17_A_G,1,2
chr17_T_TTTA,0,2
chr17_C_A,22,2
chr17_T_TCTG,44,2
chr17_A_ATGCAGATCTTGTACCTG,37,6
chr17_G_T,0,2
chr17_A_AAAAAT,191,19
chr17_C_G,3,2
chr17_CTCTCTCTTTCTT_C,1,4
chr17_C_T,44,2
chr17_A_G,0,3
chr17_T_A,1,2
chr17_C_T,0,1
chr17_A_G,3,2
chr17_C_CT,106,102
chr17_A_AC,272,29
chr17_GACATACAT_G,209,3
chr17_A_T,13,2
chr17_G_A,0,2
chr17_G_A,4,3
chr17_A_G,143,4
chr17_TTC_T,10,4
chr17_C_T,4,2
chr17_A_C,19,3
chr17_TA_T,37,6
chr17_G_T,56,4
chr17_C_T,284,16
chr17_A_T,70,3
chr17_G_GC,417,53
chr17_AC_A,362,22
chr17_A_AC,163,16
chr17_C_T,22,15
chr17_G_GAATCTTGACTT,40,2
chr17_CT_C,23,2
chr17_T_G,153,40
chr17_A_G,17,2
chr17_T_TGG,140,25
chr17_G_GTGTT,276,15
chr17_TATATAC_T,176,18
chr17_AATTC_A,44,2
chr17_G_A,173,32
chr17_G_A,205,28
chr17_A_ACACTCTATAGCTTATATGGCCTTTCTTTGGTGAGTTGG,8,2
chr17_GAC_G,7,2
chr17_A_AAT,1,2
chr17_ATAT_A,86,3
chr17_C_G,0,2
chr17_T_G,15,9
chr17_A_G,0,2
chr17_C_T,0,2
chr17_A_G,41,2
chr17_CCCTGT_C,2,2
chr17_TAC_T,85,4
chr17_G_A,0,2
chr18_G_C,76,3
chr18_C_T,68,5
chr18_T_C,3,3
chr18_G_A,3,3
chr18_A_T,3,3
chr18_A_G,2,3
chr18_A_G,3,5
chr18_T_C,2,2
chr18_C_CAAAAAAA,31,21
chr18_C_A,28,2
chr18_A_C,0,2
chr18_C_G,1,5
chr18_TCTTTG_T,9,15
chr18_G_T,0,2
chr18_G_A,94,4
chr18_T_A,84,6
chr18_T_G,81,6
chr18_TTA_T,77,6
chr18_C_CCA,71,6
chr18_A_C,59,3
chr18_A_C,24,29
chr18_G_A,0,2
chr18_GT_G,18,18
chr18_G_A,89,7
chr18_T_A,365,26
chr18_A_C,467,58
chr18_T_A,92,10
chr18_A_C,32,2
chr18_T_C,32,2
chr18_T_A,31,2
chr18_G_A,19,2
chr18_A_G,30,4
chr18_GTC_G,4,6
chr18_G_A,0,1
chr18_G_T,30,18
chr18_G_T,1,2
chr18_C_T,0,2
chr18_T_C,0,1
chr18_C_T,0,1
chr18_G_A,267,21
chr18_G_A,33,18
chr18_A_C,566,219
chr18_GTA_G,93,8
chr18_T_C,9,3
chr18_T_C,2,7
chr18_A_G,3,2
chr18_G_GC,450,53
chr18_C_T,0,2
chr18_G_GAAGAAAGA,1,2
chr18_A_G,1,2
chr18_G_A,3,2
chr18_CATT_C,0,3
chr18_T_C,4,2
chr18_A_T,1,3
chr18_C_A,70,5
chr18_CAAAA_C,27,41
chr18_T_C,9,2
chr18_G_T,1,2
chr18_T_TCTCCCGTG,5,4
chr18_GATT_G,5,4
chr18_A_ATTG,1,2
chr18_C_CA,4,3
chr18_T_TC,323,24
chr18_A_G,4,2
chr18_T_C,5,2
chr18_C_G,0,2
chr18_C_CTCTAACATTAAAA,51,4
chr18_G_GACACACATACACAC,9,10
chr18_C_G,3,3
chr18_C_T,0,2
chr18_C_T,77,11
chr18_C_T,75,12
chr18_G_GTATATATA,65,13
chr18_T_G,86,88
chr18_G_A,0,4
chr18_T_G,1,2
chr18_A_AT,205,197
chr18_T_C,2,2
chr18_G_A,1,2
chr18_G_A,1,3
chr18_GCA_G,138,8
chr18_A_G,1,2
chr18_T_C,0,2
chr18_T_G,88,41
chr18_A_G,0,4
chr18_T_C,15,2
chr18_T_C,0,2
chr18_T_C,1,3
chr18_C_T,2,3
chr18_G_T,5,4
chr19_GGAAGGAAGGAAAGAAGGTAGGAAT_G,2,2
chr19_C_T,0,2
chr19_TCTTCCTTCCTTC_T,0,3
chr19_C_A,1,2
chr19_G_T,22,4
chr19_T_A,7,2
chr19_T_A,11,2
chr19_A_C,11,4
chr19_TTC_T,92,8
chr19_A_C,0,2
chr19_T_C,0,1
chr19_G_GCTA,3,7
chr19_A_G,1,7
chr19_A_C,85,57
chr19_GCA_G,72,10
chr19_A_AGAGGAG,5,4
chr19_G_T,10,2
chr19_G_GC,27,4
chr19_C_CATT,1,2
chr19_C_T,224,12
chr19_T_C,35,2
chr19_ACCCAACTT_A,28,2
chr19_A_G,26,2
chr19_T_A,24,2
chr19_C_T,23,2
chr19_T_G,0,1
chr19_AAT_A,219,22
chr19_G_T,0,1
chr19_C_T,19,2
chr19_T_G,5,3
chr19_G_GGCGGACTAC,5,3
chr19_C_A,5,2
chr19_C_T,0,2
chr19_ATG_A,383,13
chr19_ATG_A,220,16
chr19_AAC_A,581,18
chr19_ATG_A,338,12
chr19_ATG_A,188,16
chr19_A_G,20,2
chr19_G_A,1,2
chr19_G_A,72,10
chr19_C_A,83,10
chr19_ACAAAACAAAAACAG_A,124,9
chr19_C_T,236,19
chr19_T_C,209,15
chr19_C_A,194,9
chr19_A_C,156,11
chr19_A_AC,204,11
chr19_A_AAAC,214,11
chr19_T_C,153,10
chr19_G_A,41,6
chr19_G_A,2,3
chr19_C_T,2,2
chr19_AAG_A,1,4
chr19_A_AAG,1,5
chr19_AT_A,2,2
chr19_GTGA_G,198,8
chr19_C_T,4,2
chr19_T_TGATTTTAAGA,78,3
chr19_C_G,78,2
chr19_C_G,0,2
chr19_A_ATT,261,41
chr19_A_G,17,2
chr19_C_A,24,2
chr19_A_AAG,2,2
chr19_GA_G,0,3
chr19_C_T,0,2
chr19_A_G,1,2
chr19_A_G,0,2
chr19_A_T,11,2
chr19_T_A,72,19
chr19_C_A,80,14
chr19_T_TG,6,14
chr19_A_G,45,2
chr19_A_G,2,2
chr19_GAC_G,121,9
chr19_G_C,4,2
chr19_G_A,314,17
chr19_C_T,308,18
chr19_G_T,0,3
chr19_C_T,0,1
chr19_C_T,0,1
chr19_T_G,84,26
chr19_G_A,28,3
chr19_C_T,0,1
chr19_CTTCTTTCTTTCTTTCTTTCT_C,6,5
chr19_CGA_C,62,3
chr19_CGT_C,35,2
chr19_TTTTCTTTCTTTCTTTC_T,1,2
chr19_C_T,1,2
chr19_C_G,2,2
chr19_T_C,0,2
chr19_T_G,397,97
chr19_CGT_C,24,2
chr19_A_C,417,98
chr19_A_C,148,48
chr19_C_T,6,2
chr19_G_A,6,2
chr19_T_G,0,2
chr19_AC_A,197,11
chr19_G_C,194,19
chr19_T_C,128,24
chr19_G_A,381,31
chr19_A_AATACATTTCTCTT,33,2
chr19_T_G,61,111
chr19_G_A,534,14
chr19_T_C,633,34
chr19_G_A,403,31
chr19_GAT_G,92,6
chr19_A_G,101,7
chr19_G_C,108,4
chr19_C_T,125,15
chr19_G_A,132,20
chr19_C_T,131,20
chr19_A_G,207,20
chr19_T_G,229,17
chr19_C_A,220,37
chr19_G_A,244,11
chr19_C_A,224,12
chr19_G_A,226,12
chr19_G_A,38,3
chr19_T_C,74,15
chr19_T_C,75,3
chr19_T_C,75,3
chr19_G_A,75,3
chr19_G_C,76,2
chr19_C_T,214,13
chr19_T_C,209,14
chr19_A_G,94,3
chr19_T_G,95,6
chr19_G_A,15,2
chr19_A_G,14,2
chr19_T_A,15,2
chr19_T_A,15,2
chr19_G_C,16,2
chr19_T_A,16,2
chr19_C_T,242,24
chr19_C_T,288,17
chr19_C_T,284,26
chr19_G_T,292,4
chr19_C_T,149,5
chr19_A_C,142,4
chr19_G_T,139,3
chr19_C_T,345,45
chr19_A_G,390,13
chr19_C_A,375,14
chr19_C_T,437,69
chr19_G_A,258,9
chr19_G_C,219,6
chr19_G_A,220,20
chr19_C_T,11,2
chr19_T_C,5,2
chr19_G_A,5,2
chr19_A_G,167,18
chr19_T_C,86,4
chr19_G_A,87,4
chr19_T_TC,104,3
chr19_A_T,123,4
chr19_C_G,125,4
chr19_T_C,133,4
chr19_G_C,132,4
chr19_A_T,138,4
chr19_C_T,146,5
chr19_A_G,156,5
chr19_A_G,164,5
chr19_TGA_T,76,9
chr19_A_T,144,6
chr19_C_T,149,7
chr19_A_G,81,5
chr19_A_C,294,11
chr19_A_G,290,10
chr19_A_G,286,8
chr19_G_T,265,21
chr19_C_T,69,5
chr19_C_G,70,5
chr19_G_A,82,7
chr19_T_C,95,7
chr19_G_A,186,25
chr19_C_A,187,25
chr19_T_A,121,12
chr19_G_A,336,44
chr19_C_T,285,29
chr19_G_A,193,44
chr19_C_T,261,8
chr19_G_C,256,9
chr19_A_G,259,9
chr19_G_A,239,9
chr19_C_A,230,9
chr19_TC_T,231,9
chr19_AAAG_A,233,9
chr19_T_C,213,9
chr19_AACC_A,115,10
chr19_C_CGG,111,10
chr19_TCTC_T,202,14
chr19_A_T,222,11
chr19_A_G,227,11
chr19_T_A,221,10
chr19_CAG_C,228,6
chr19_G_GCA,230,6
chr19_C_T,764,18
chr19_T_A,581,16
chr19_AG_A,497,15
chr19_C_T,467,14
chr19_G_GT,169,5
chr19_A_T,170,5
chr19_AG_A,165,5
chr19_C_T,153,4
chr19_T_C,69,39
chr19_T_C,1,2
chr19_A_T,1,2
chr19_A_G,3,2
chr19_G_T,0,2
chr19_A_C,9,5
chr19_GCA_G,19,2
chr19_T_TTTTC,64,3
chr19_C_A,324,9
chr19_A_ATAAGG,319,9
chr19_A_ATAATCTC,306,5
chr19_T_A,17,3
chr19_T_C,17,3
chr19_G_A,17,3
chr19_T_C,17,3
chr19_G_C,16,3
chr19_C_A,432,38
chr19_G_T,33,2
chr19_CAT_C,12,2
chr20_T_TTC,3,2
chr20_C_T,4,3
chr20_T_C,0,3
chr20_T_C,0,3
chr20_T_C,0,3
chr20_A_T,0,2
chr20_C_CTA,0,3
chr20_T_C,34,2
chr20_A_C,175,41
chr20_TTC_T,61,5
chr20_T_C,5,2
chr20_T_C,17,14
chr20_T_G,164,51
chr20_T_G,98,23
chr20_C_A,287,33
chr20_A_C,298,72
chr20_G_C,316,12
chr20_CT_C,1,3
chr20_A_G,7,2
chr20_A_G,38,2
chr20_A_G,2,2
chr20_G_A,3,3
chr20_T_C,2,2
chr20_G_A,0,2
chr20_A_G,3,2
chr20_GCA_G,51,10
chr20_G_A,0,2
chr20_C_T,0,2
chr20_A_G,1,2
chr20_T_TG,240,49
chr20_G_T,2,3
chr20_G_T,2,4
chr20_T_G,58,43
chr20_A_G,23,2
chr20_T_A,16,2
chr20_G_GAA,31,2
chr20_G_GC,31,2
chr20_G_GATT,31,2
chr20_T_TA,13,7
chr20_T_C,0,2
chr20_CTCAGTTTCTCCATACTA_C,18,2
chr20_C_T,14,2
chr20_G_C,153,5
chr20_C_A,208,8
chr20_C_A,148,11
chr20_CCAA_C,197,11
chr20_G_T,290,11
chr20_G_T,263,9
chr20_T_A,2,3
chr20_AAGAC_A,2,3
chr20_T_TA,2,3
chr20_C_T,5,2
chr20_A_G,6,2
chr20_A_G,1,2
chr20_C_T,6,2
chr20_T_A,3,2
chr20_C_T,5,2
chr20_A_G,6,2
chr20_C_T,11,3
chr20_C_T,11,3
chr20_GT_G,6,3
chr20_G_A,106,26
chr20_G_A,82,11
chr20_A_G,4,2
chr20_C_A,3,2
chr20_T_C,3,2
chr20_C_A,3,2
chr20_A_G,1,7
chr20_A_T,1,3
chr20_C_T,0,2
chr20_C_T,0,2
chr20_G_A,0,2
chr20_G_A,0,2
chr20_GTCCAC_G,0,4
chr20_T_C,1,2
chr20_C_G,1,2
chr20_G_A,6,2
chr20_A_G,8,2
chr20_T_G,21,4
chr20_A_C,23,4
chr20_CCATCAA_C,23,4
chr20_TAAAAG_T,12,2
chr20_A_AT,235,11
chr20_G_A,154,8
chr20_T_C,240,7
chr20_T_C,7,4
chr20_T_G,9,2
chr20_C_T,689,18
chr20_G_A,43,4
chr20_T_C,155,14
chr20_T_C,623,77
chr20_C_G,2,4
chr20_G_A,4,5
chr20_T_C,279,7
chr20_T_G,12,8
chr20_A_G,30,2
chr20_G_A,1,2
chr20_A_G,3,2
chr20_T_C,2,2
chr20_A_G,1,2
chr20_C_T,1,2
chr20_A_G,1,6
chr20_C_A,3,4
chr20_T_A,3,2
chr20_G_A,3,3
chr20_C_A,19,2
chr20_G_C,6,3
chr20_C_T,10,2
chr20_G_C,13,3
chr20_A_T,12,3
chr20_A_T,14,4
chr20_G_T,2,2
chr20_G_T,1,3
chr20_GAGA_G,2,3
chr20_T_A,53,3
chr20_C_G,73,2
chr20_T_C,40,5
chr20_T_C,165,10
chr20_C_T,430,62
chr20_A_G,1,5
chr20_G_C,2,3
chr20_C_T,4,3
chr20_A_T,10,2
chr20_T_C,24,6
chr20_G_GTTT,96,43
chr20_G_A,1,2
chr20_A_G,1,2
chr20_C_T,12,2
chr20_A_G,14,2
chr20_A_C,9,2
chr20_G_A,10,2
chr20_T_C,7,2
chr20_G_T,2,6
chr20_T_C,1,3
chr20_G_A,4,2
chr20_G_A,2,2
chr20_T_C,2,2
chr20_A_C,5,2
chr20_TATCA_T,606,35
chr20_T_G,208,14
chr20_G_A,64,5
chr20_C_CAA,78,5
chr20_C_A,100,9
chr20_C_T,385,14
chr20_T_C,240,11
chr20_G_C,57,5
chr20_G_A,90,4
chr20_G_A,95,6
chr20_T_A,83,2
chr20_A_C,72,7
chr20_T_G,12,2
chr20_C_T,1,3
chr20_G_A,1,2
chr20_A_C,11,2
chr20_G_T,11,2
chr20_T_G,4,3
chr20_G_A,2,2
chr20_T_G,2,2
chr20_TC_T,2,2
chr20_A_C,120,13
chr20_C_A,142,13
chr20_G_A,30,2
chr20_C_T,276,9
chr20_C_G,5,3
chr20_T_C,10,6
chr20_C_T,7,3
chr20_T_A,5,2
chr20_T_G,3,2
chr20_T_A,3,2
chr20_T_A,3,2
chr20_C_G,0,2
chr20_G_T,3,2
chr20_G_A,1,2
chr20_G_T,17,2
chr20_G_A,12,3
chr20_C_T,44,2
chr20_A_AATTGT,32,2
chr20_T_G,88,33
chr20_C_CGTTCACACAATTAGAAAGCTTACATTCAAACTCAAGACCA,96,4
chr20_T_C,142,34
chr20_G_A,6,2
chr20_CAT_C,224,8
chr20_T_C,8,9
chr20_CCCTT_C,1,3
chr20_G_A,0,2
chr20_G_A,5,4
chr20_T_A,3,6
chr20_T_G,202,102
chr20_G_T,1,3
chr20_A_G,2,2
chr20_A_G,1,2
chr20_T_C,3,2
chr20_C_T,0,1
chr20_G_GAGGGAAGGAAGGAAGGAAGT,14,1
chr20_A_G,70,3
chr20_GGT_G,38,2
chr20_A_AAT,38,2
chr20_T_TG,39,3
chr20_T_TATTCCTA,36,3
chr20_T_C,0,2
chr20_C_CTCCT,0,2
chr20_G_T,0,1
chr20_ATG_A,53,11
chr20_A_C,3,9
chr20_AGG_A,1,2
chr20_G_GAAAAAAAAAAAAAAAAAAA,1,2
chr20_G_T,11,2
chr20_G_T,11,2
chr20_CGG_C,115,9
chr20_G_A,14,2
chr20_CCTCTCTCTCTCTCTCTCTCTCT_C,1,2
chr20_AT_A,0,2
chr20_A_C,42,4
chr20_G_C,41,3
chr20_C_T,1,2
chr20_G_A,2,2
chr20_A_AAAC,32,2
chr20_T_TGAAAATCA,30,2
chr20_T_TC,110,16
chr20_A_C,94,54
chr20_A_C,146,216
chr20_ATCAGGTT_A,40,2
chr21_T_G,2,2
chr21_C_A,7,4
chr21_C_T,4,3
chr21_A_G,7,5
chr21_CT_C,17,3
chr21_TTCTC_T,24,3
chr21_C_T,12,3
chr21_G_A,18,3
chr21_A_T,5,3
chr21_G_C,7,3
chr21_GA_G,7,3
chr21_G_T,8,3
chr21_C_A,5,3
chr21_G_A,8,2
chr21_G_A,13,2
chr21_G_T,10,2
chr21_C_A,5,4
chr21_T_A,19,2
chr21_C_T,17,3
chr21_T_G,7,2
chr21_T_C,4,3
chr21_A_G,8,2
chr21_G_A,5,2
chr21_G_T,4,2
chr21_A_T,3,2
chr21_T_A,1,2
chr21_CCCT_C,1,3
chr21_C_T,8,2
chr21_C_G,8,2
chr21_C_G,8,2
chr21_C_T,7,2
chr21_G_A,2,2
chr21_C_T,2,2
chr21_A_C,2,2
chr21_A_G,9,3
chr21_A_C,3,2
chr21_A_G,6,3
chr21_C_T,10,3
chr21_C_T,2,4
chr21_T_A,11,3
chr21_C_G,2,2
chr21_A_G,1,2
chr21_T_C,1,2
chr21_C_T,8,2
chr21_A_AG,6,4
chr21_A_G,5,5
chr21_T_C,4,2
chr21_G_A,8,2
chr21_C_T,9,2
chr21_G_A,3,2
chr21_C_T,3,3
chr21_G_A,3,2
chr21_C_G,3,2
chr21_G_C,2,2
chr21_G_A,3,2
chr21_T_C,101,11
chr21_G_A,5,3
chr21_G_T,6,2
chr21_A_G,7,2
chr21_T_C,10,3
chr21_A_G,18,5
chr21_G_T,10,6
chr21_C_T,12,2
chr21_G_T,9,2
chr21_T_C,5,2
chr21_C_T,5,2
chr21_T_C,5,3
chr21_G_GAAGAAGAAGAAGAAGAAGAAGAAA,50,2
chr21_C_T,90,7
chr21_T_C,5,2
chr21_A_G,8,3
chr21_G_A,11,3
chr21_C_T,26,3
chr21_C_A,26,3
chr21_T_G,42,3
chr21_C_A,36,6
chr21_TTATC_T,42,2
chr21_G_A,20,4
chr21_A_G,4,2
chr21_T_TG,3,2
chr21_T_C,5,2
chr21_G_A,3,3
chr21_A_C,0,1
chr21_A_T,2,2
chr21_C_T,1,3
chr21_GT_G,6,2
chr21_G_A,4,2
chr21_G_GT,1,2
chr21_G_A,2,2
chr21_C_T,1,2
chr21_G_T,5,2
chr21_A_G,6,3
chr21_T_G,2,2
chr21_T_G,58,5
chr21_A_C,10,3
chr21_GA_G,5,4
chr21_G_A,3,2
chr21_T_G,4,2
chr21_A_G,10,8
chr21_CTT_C,4,4
chr21_A_T,2,6
chr21_G_A,2,5
chr21_G_C,3,3
chr21_G_A,18,2
chr21_C_T,16,3
chr21_T_G,24,5
chr21_T_G,32,6
chr21_G_T,122,14
chr21_A_T,1330,124
chr21_A_G,1891,151
chr21_C_T,1893,155
chr21_G_C,1902,142
chr21_G_A,1676,161
chr21_G_A,1624,192
chr21_G_A,1553,194
chr21_G_T,1822,199
chr21_C_A,1861,196
chr21_C_A,1914,158
chr21_C_T,1797,80
chr21_T_C,629,65
chr21_C_A,50,12
chr21_G_C,32,6
chr21_GT_G,8,12
chr21_A_T,19,4
chr21_T_C,57,8
chr21_C_T,3013,290
chr21_T_C,2869,278
chr21_T_A,394,41
chr21_G_A,72,23
chr21_A_T,42,6
chr21_G_T,35,11
chr21_C_T,41,5
chr21_G_T,4,2
chr21_G_GT,13,4
chr21_G_A,9,3
chr21_AT_A,12,2
chr21_G_A,11,2
chr21_C_T,17,4
chr21_A_G,10,3
chr21_C_T,7,4
chr21_C_G,3,2
chr21_A_G,8,2
chr21_T_C,5,3
chr21_T_C,5,3
chr21_G_A,6,4
chr21_A_T,7,5
chr21_G_A,1310,73
chr21_A_T,2064,158
chr21_T_C,2201,176
chr21_A_G,2301,114
chr21_T_C,12,6
chr21_C_A,31,5
chr21_C_T,36,5
chr21_G_C,226,10
chr21_T_C,418,23
chr21_G_C,271,26
chr21_G_A,263,80
chr21_C_A,269,100
chr21_A_G,392,20
chr21_C_T,285,46
chr21_CT_C,72,9
chr21_T_G,45,9
chr21_A_C,35,5
chr21_C_A,413,17
chr21_A_G,345,21
chr21_T_A,108,8
chr21_C_T,394,19
chr21_ATT_A,830,98
chr21_A_G,873,46
chr21_T_C,866,76
chr21_C_T,825,65
chr21_ATACAAACAGTCTT_A,81,25
chr21_G_C,26,4
chr21_A_C,3,3
chr21_A_G,7,2
chr21_C_A,236,9
chr21_C_T,447,23
chr21_C_A,5,2
chr21_G_A,4,2
chr21_G_C,17,3
chr21_G_C,5,2
chr21_CTT_C,8,7
chr21_GAACCAAAAGT_G,145,6
chr21_G_GAA,126,5
chr21_A_G,117,4
chr21_GAGAA_G,6,5
chr21_G_A,1,3
chr21_T_C,3,2
chr21_TTTC_T,3,2
chr21_A_C,1,2
chr21_C_A,5,4
chr21_G_C,4,4
chr21_A_C,4,4
chr21_T_C,2,2
chr21_C_CAGATAGATAGAT,1,2
chr21_C_T,1,3
chr21_T_G,71,26
chr21_C_T,0,2
chr21_C_T,1,3
chr21_CAT_C,24,3
chr21_GAAA_G,609,16
chr21_A_G,2,3
chr21_C_T,32,2
chr21_ACC_A,31,2
chr21_C_CGTGAA,30,2
chr21_C_A,0,2
chr21_C_T,312,53
chr21_G_GTCA,164,2
chr21_A_C,136,27
chr21_T_A,0,2
chr21_A_G,0,3
chr21_A_AAAAAG,1,2
chr21_G_T,529,33
chr21_T_G,730,225
chr21_AAAAG_A,5,4
chr21_A_G,4,2
chr21_C_T,1,2
chr21_C_T,11,2
chr21_AATT_A,35,2
chr21_T_G,36,2
chr21_A_AAC,34,2
chr21_C_T,6,3
chr21_T_C,3,2
chr21_C_T,19,2
chr21_C_CG,36,4
chr22_A_G,1522,89
chr22_G_T,1435,80
chr22_A_G,732,24
chr22_G_A,69,7
chr22_C_G,10,2
chr22_C_T,2,2
chr22_T_C,3,2
chr22_T_C,3,2
chr22_G_A,4,3
chr22_G_A,9,3
chr22_C_T,6,3
chr22_A_C,6,2
chr22_C_A,5,2
chr22_G_T,0,3
chr22_C_A,0,2
chr22_GA_G,1,2
chr22_G_C,3,3
chr22_T_G,9,4
chr22_A_T,103,6
chr22_A_C,465,46
chr22_A_G,796,58
chr22_A_C,784,47
chr22_A_T,771,46
chr22_A_C,716,40
chr22_G_A,858,39
chr22_C_T,880,82
chr22_C_T,775,31
chr22_A_C,735,34
chr22_G_A,536,38
chr22_T_G,492,49
chr22_ATT_A,19,3
chr22_G_A,8,3
chr22_T_C,1,2
chr22_A_G,8,2
chr22_A_G,9,2
chr22_CA_C,8,2
chr22_C_T,12,3
chr22_C_T,6,2
chr22_GA_G,4,4
chr22_A_G,6,3
chr22_G_C,5,2
chr22_C_G,3,2
chr22_C_T,1,2
chr22_G_A,6,2
chr22_C_T,6,2
chr22_T_A,5,2
chr22_C_T,6,2
chr22_T_A,7,2
chr22_A_G,7,2
chr22_CTTCT_C,19,3
chr22_A_T,20,3
chr22_T_A,21,3
chr22_C_T,21,3
chr22_C_A,5,3
chr22_C_T,0,2
chr22_T_A,0,2
chr22_C_A,35,4
chr22_CCA_C,26,2
chr22_A_T,23,2
chr22_A_G,20,2
chr22_G_A,29,2
chr22_C_T,19,2
chr22_T_C,1,3
chr22_A_C,222,17
chr22_T_C,382,26
chr22_T_C,170,11
chr22_TC_T,3,4
chr22_G_C,3,4
chr22_G_C,0,3
chr22_C_T,0,2
chr22_C_A,13,2
chr22_A_C,19,2
chr22_T_C,22,2
chr22_A_T,10,3
chr22_A_C,12,2
chr22_A_G,12,2
chr22_T_A,11,2
chr22_G_C,11,2
chr22_C_T,22,2
chr22_C_T,10,4
chr22_A_T,11,2
chr22_G_C,24,3
chr22_C_T,31,3
chr22_C_T,32,2
chr22_A_C,14,2
chr22_G_A,9,2
chr22_C_G,9,2
chr22_A_T,43,3
chr22_CT_C,43,3
chr22_TCTATCTAC_T,33,3
chr22_A_G,15,4
chr22_C_T,15,4
chr22_TGTGTCTCTCTTA_T,35,3
chr22_C_T,6,2
chr22_T_C,1,3
chr22_T_G,4,3
chr22_T_C,1,4
chr22_C_T,3,3
chr22_G_A,2,2
chr22_A_G,227,11
chr22_A_G,233,4
chr22_C_T,1,4
chr22_C_T,0,4
chr22_C_A,0,2
chr22_C_T,0,2
chr22_G_A,11,2
chr22_C_CT,12,3
chr22_G_T,5,3
chr22_C_A,5,3
chr22_A_G,4,2
chr22_A_G,4,2
chr22_T_G,6,4
chr22_A_T,6,2
chr22_T_A,6,2
chr22_C_T,6,2
chr22_G_T,6,2
chr22_C_T,2,2
chr22_A_G,2,2
chr22_T_C,2,2
chr22_G_A,2,2
chr22_A_G,2,2
chr22_G_A,5,2
chr22_G_T,5,3
chr22_A_G,1,2
chr22_A_T,1,2
chr22_C_G,2,2
chr22_G_T,8,3
chr22_G_A,5,3
chr22_A_T,5,5
chr22_G_A,13,2
chr22_G_GAGT,15,2
chr22_A_T,15,3
chr22_C_T,4,3
chr22_AT_A,4,2
chr22_T_A,5,2
chr22_T_C,5,3
chr22_T_C,8,3
chr22_C_A,8,3
chr22_TG_T,1,2
chr22_C_T,1,2
chr22_A_G,1,2
chr22_G_A,11,2
chr22_TTCCCTTTTC_T,8,2
chr22_T_G,10,3
chr22_G_A,8,3
chr22_C_T,5,2
chr22_G_T,10,2
chr22_C_T,36,4
chr22_A_T,213,16
chr22_A_C,291,12
chr22_GAGA_G,350,10
chr22_C_T,372,12
chr22_T_C,380,9
chr22_T_C,48,32
chr22_TACTC_T,38,2
chr22_A_G,11,2
chr22_A_C,12,3
chr22_C_T,15,3
chr22_A_G,18,2
chr22_T_G,17,2
chr22_A_G,39,2
chr22_T_C,61,12
chr22_T_A,91,7
chr22_C_G,65,10
chr22_A_G,3,2
chr22_G_A,3,2
chr22_T_C,2,2
chr22_G_A,563,40
chr22_CA_C,146,21
chr22_C_T,80,7
chr22_C_T,187,17
chr22_T_A,5,2
chr22_GCTTC_G,6,5
chr22_T_C,169,9
chr22_C_T,171,9
chr22_T_A,271,14
chr22_G_A,26,4
chr22_AAC_A,526,18
chr22_C_T,522,18
chr22_T_C,60,6
chr22_C_T,561,37
chr22_C_T,563,47
chr22_G_C,567,44
chr22_G_A,561,47
chr22_A_T,289,14
chr22_T_A,283,22
chr22_T_C,269,25
chr22_C_T,193,8
chr22_G_T,51,5
chr22_T_A,63,5
chr22_T_C,97,5
chr22_C_CA,92,9
chr22_T_G,84,10
chr22_C_T,14,3
chr22_AT_A,607,18
chr22_G_A,515,26
chr22_T_C,144,19
chr22_A_C,107,10
chr22_T_C,87,9
chr22_C_G,58,8
chr22_C_A,380,50
chr22_C_T,795,63
chr22_A_G,368,17
chr22_T_C,340,17
chr22_C_T,26,5
chr22_C_A,10,2
chr22_G_T,0,2
chr22_A_T,19,24
chr22_GT_G,20,25
chr22_G_C,24,38
chr22_T_C,63,4
chr22_G_A,22,26
chr22_G_C,27,24
chr22_A_T,18,22
chr22_G_A,18,20
chr22_T_C,20,21
chr22_A_C,21,22
chr22_A_G,24,22
chr22_G_A,23,25
chr22_A_G,23,25
chr22_G_C,42,3
chr22_TACA_T,27,3
chr22_CT_C,26,3
chr22_C_A,5,3
chr22_AGAAT_A,2,3
chr22_C_G,280,14
chr22_C_A,9,2
chr22_A_G,0,1
chr22_TA_T,45,2
chr22_A_C,42,2
chr22_C_T,1,2
chr22_C_T,0,2
chr22_T_G,216,74
chr22_C_T,0,2
chr22_A_T,17,2
chr22_GGGCATA_G,10,2
chr22_G_T,5,2
chr22_G_A,2,2
chr22_A_G,31,2
chr22_T_A,110,35
chr22_G_A,12,2
chr22_A_G,116,33
chr22_T_C,43,2
chr22_T_TCCAGAATCAA,40,2
chr22_A_T,83,5
chr22_G_A,0,2
chr22_A_G,1,2
chr22_AT_A,1,6
chrX_T_C,0,2
chrX_G_T,7,2
chrX_A_T,14,2
chrX_G_GACCTTTCAATGA,359,11
chrX_A_G,55,30
chrX_TTG_T,201,10
chrX_ATTG_A,26,3
chrX_T_G,26,3
chrX_T_G,23,3
chrX_G_C,26,2
chrX_G_A,26,2
chrX_G_A,40,2
chrX_T_G,334,128
chrX_G_T,37,2
chrX_T_G,97,62
chrX_T_G,124,2
chrX_CTTT_C,151,39
chrX_ATATG_A,18,3
chrX_C_T,24,2
chrX_C_T,34,8
chrX_C_T,21,3
chrX_A_T,83,7
chrX_T_A,154,16
chrX_G_A,167,25
chrX_C_T,42,7
chrX_A_G,372,13
chrX_G_A,43,7
chrX_T_C,752,50
chrX_AT_A,371,83
chrX_T_C,198,8
chrX_C_G,177,10
chrX_A_G,153,19
chrX_C_A,182,15
chrX_C_G,130,2
chrX_G_A,29,2
chrX_A_ATTATTAC,174,5
chrX_A_G,41,2
chrX_T_G,71,20
chrX_C_A,14,2
chrX_T_G,22,7
chrX_A_G,21,6
chrX_C_T,38,2
chrX_G_T,11,2
chrX_T_A,11,2
chrX_T_C,50,15
chrX_CAT_C,41,8
chrX_G_T,39,2
chrX_G_GAATGCC,39,2
chrX_G_GC,502,42
chrX_C_A,19,3
chrX_T_G,333,104
chrX_TCCTCCGG_T,33,2
chrX_C_CT,44,2
chrX_G_A,36,2
chrX_CAG_C,103,7
chrX_C_A,26,2
chrX_C_T,20,2
chrX_GAT_G,172,7
chrX_C_CT,387,6
chrX_G_A,6,2
chrX_T_TG,219,18
chrX_G_A,25,2
chrX_G_A,36,2
chrX_T_A,183,4
chrX_ACT_A,59,5
chrX_GCA_G,68,15
chrX_G_T,8,2
chrX_T_TG,236,19
chrX_CTA_C,70,5
chrX_C_A,40,10
chrX_A_G,19,2
chrX_A_G,1,2
chrX_A_C,0,7
chrX_A_C,265,65
chrX_C_T,0,2
chrX_T_G,4,5
chrY_C_T,81,7
chrY_G_GTC,163,23
chrY_G_A,18,2
chrY_T_C,3,2
chrY_C_A,6,2
chrY_C_T,9,1
chrY_A_G,9,2
chrY_C_T,0,1
chrY_G_T,5,2
chrY_C_T,6,3
chrY_T_A,21,4
chrY_G_GA,63,10
chrY_A_G,94,10
chrY_C_A,33,18
chrY_A_C,30,8
chrY_C_A,3,2
chrY_T_A,2,2
chrY_A_G,2,2
chrY_GGAAT_G,0,1
chrY_T_C,0,1
chrY_T_TG,0,1
chrY_C_G,0,1
chrY_A_ATGGC,0,1
chrY_A_C,63,4
chrY_G_A,65,4
chrY_C_T,64,4
chrY_C_A,64,5
chrY_T_C,63,12
chrY_T_G,48,10
chrY_A_T,44,9
chrY_A_ATG,43,8
chrY_CAG_C,42,7
chrY_G_A,41,7
chrY_A_G,37,4
chrY_C_T,39,2
chrY_C_T,38,2
chrY_G_A,38,2
chrY_A_G,31,5
chrY_T_C,186,16
chrY_T_TAAAG,7,2
chrY_GAC_G,8,3
chrY_A_C,8,5
chrY_C_T,1,2
chrY_T_A,14,3
chrY_A_C,18,2
chrY_G_A,5,2
chrY_T_C,2,5
chrY_G_C,4,2
chrY_A_C,1,3
chrY_T_A,2,3
chrY_C_A,2,2
chrY_T_TA,2,2
chrY_C_T,5,5
chrY_C_T,1,2
chrY_A_G,1,3
chrY_G_T,2,2
chrY_G_A,2,2
chrY_T_A,3,2
chrY_C_T,2,2
chrM_A_C,80,25
